Workbook

Sheet Instructions
A1: League Manager – Instructions | B1: Column Name | C1: Full Meaning | D1: Simple Explanation / How it’s Calculated
B2: P | C2: Played | D2: Total number of matches played
A3: 1) Setup (one-time) | B3: W | C3: Wins | D3: Number of matches won
A4: Players: enter all player names in Players!PlayerName (column B). | B4: D | C4: Draws | D4: Number of matches drawn
A5: Settings: set points for Win/Draw/Loss + Walkover points, and Walkover default score (3–0 by default). | B5: L | C5: Losses | D5: Number of matches lost
B6: GF | C6: Goals For | D6: Total goals scored
A7: 2) Entering match results | B7: GA | C7: Goals Against | D7: Total goals conceded
A8: Matches: fill ONLY Date, Home, Away, HomeGoals, AwayGoals, Status, Notes. | B8: GD | C8: Goal Difference | D8: GF − GA
A9: Status dropdown: | B9: PtsMatches | C9: Points from Matches | D9: Points earned from wins, draws, walkovers
A10: Played (normal result) | B10: PtsAdj | C10: Points Adjustment | D10: Manual admin adjustments (penalties/bonuses)
A11: Walkover_Home (Home awarded win; uses walkover default score + walkover points | B11: TotalPts | C11: Total Points | D11: PtsMatches + PtsAdj
A12: Walkover_Away (Away awarded win; uses walkover default score + walkover points) | B12: Pos | C12: Position | D12: Current leaderboard rank
A13: Cancelled (ignored completely) | B13: Clean Sheets | C13: Clean Sheets | D13: Matches where 0 goals were conceded
B14: Avg GF | C14: Average Goals For | D14: GF ÷ P
A15: 3) Deductions / penalties | B15: Avg GA | C15: Average Goals Against | D15: GA ÷ P
A16: Adjustments: add Player + PointsAdj (negative) + Reason. | B16: WinRate % | C16: Win Rate Percentage | D16: W ÷ P × 100
B17: Biggest Win | C17: Biggest Win Margin | D17: Largest goal difference in a win
A18: 4) Outputs | B18: Biggest Loss | C18: Biggest Loss Margin | D18: Largest goal difference in a loss
A19: Leaderboard: auto-sorted from Stats by TotalPts (tie-breakers: GD then GF then name). | B19: Walkovers Given | C19: Walkovers Given | D19: Times player forfeited (opponent got WO)
A20: Stats: full season metrics (clean sheets, averages, win rate, biggest win/loss, walkovers, etc.). | B20: Walkovers Received | C20: Walkovers Received | D20: Times player won by opponent forfeit
A21: Head2Head: pick two players and view their direct stats vs each other. | B21: Pts Per Game | C21: Points Per Game | D21: TotalPts ÷ P
A23: Google Sheets note:
A24: After you upload, confirm Data validation dropdowns still reference Players/Settings lists (Google sometimes resets them).

Sheet Settings
A1: CADE League Spreadsheet Settings
A3: Win Pts (Winner) | B3: 3
A4: Win Pts (Loser) | B4: 0
A5: Draw Pts (Each) | B5: 1
A6: Loss Pts (Loser) [optional] | B6: 0
A7: Walkover Pts (Winner) | B7: 3
A8: Walkover Pts (Loser) | B8: 0
A10: Walkover Winner Goals For | B10: 3
A11: Walkover Loser Goals For | B11: 0
A13: Status options (do not edit)
B14: Played
B15: Walkover_Home
B16: Walkover_Away
B17: Cancelled

Sheet Players
A1: Players (enter names once; used by dropdowns)
A2: PlayerID | B2: PlayerName
A3: 1 | B3: MR OGA
A4: 2 | B4: ANIFE
A5: 3 | B5: BAJI SNR
A6: 4 | B6: GURU
A7: 5 | B7: KAYKAY
A8: 6 | B8: TACTICAL
A9: 7 | B9: WOLEVATION
A10: 8 | B10: KHALEEDOY
A11: 9 | B11: BALO K
A12: 10 | B12: YEMOLEE
A13: 11 | B13: RHYMEZ
A14: 12 | B14: SIMPLYY UZO
... A22: 20 | B22: KINGNONEX

Sheet Matches
A1: Match Input (blue cells). Enter Date, Home, Away, Scores OR choose Walkover status.
A2: MatchID | B2: Date | C2: Home | D2: Away | E2: Home Goals (input) | F2: Away Goals (input) | G2: Status | H2: Home Goals (effective) | I2: Away Goals (effective) | J2: Home Pts | K2: Away Pts | L2: Played Flag | M2: Home W | N2: Home D | O2: Home L | P2: Away W | Q2: Away D | R2: Away L | S2: Winner | T2: Notes | U2: Home Margin | V2: Away Margin | W2: Home Loss Margin | X2: Away Loss Margin
A3: 1 | B3: 46039 | C3: ANIFE | D3: MR OGA | E3: 7 | F3: 7 | G3: Played | H3: =IF($G3="Walkover_Home",Settings!$B$10,IF($G3="Walkover_Away",Settings!$B$11,IF($G3="Cancelled","",IF($E3="","",$E3)))) -> 7 | I3: =IF($G3="Walkover_Home",Settings!$B$11,IF($G3="Walkover_Away",Settings!$B$10,IF($G3="Cancelled","",IF($F3="","",$F3)))) -> 7 | J3: =IF($L3=0,"",IF($G3="Walkover_Home",Settings!$B$7,IF($G3="Walkover_Away",Settings!$B$8,IF($H3>$I3,Settings!$B$3,IF($H3<$I3,Settings!$B$4,Settings!$B$5))))) -> 1 | K3: =IF($L3=0,"",IF($G3="Walkover_Home",Settings!$B$8,IF($G3="Walkover_Away",Settings!$B$7,IF($I3>$H3,Settings!$B$3,IF($I3<$H3,Settings!$B$4,Settings!$B$5))))) -> 1 | L3: =IF($G3="Cancelled",0,IF(OR($H3="", $I3=""),0,1)) -> 1 | M3: =IF($L3=0,"",IF($H3>$I3,1,0)) -> 0 | N3: =IF($L3=0,"",IF($H3=$I3,1,0)) -> 1 | O3: =IF($L3=0,"",IF($H3<$I3,1,0)) -> 0 | P3: =IF($L3=0,"",IF($I3>$H3,1,0)) -> 0 | Q3: =IF($L3=0,"",IF($I3=$H3,1,0)) -> 1 | R3: =IF($L3=0,"",IF($I3<$H3,1,0)) -> 0 | S3: =IF($L3=0,"",IF($H3>$I3,$C3,IF($H3<$I3,$D3,"Draw"))) -> Draw | U3: =IF($L3=0,"",$H3-$I3) -> 0 | V3: =IF($L3=0,"",$I3-$H3) -> 0 | W3: =IF($L3=0,"",$I3-$H3) -> 0 | X3: =IF($L3=0,"",$H3-$I3) -> 0
A4: 2 | B4: 46039 | C4: RHYMEZ | D4: SIMPLYY UZO | E4: 8 | F4: 2 | G4: Played | H4: =IF($G4="Walkover_Home",Settings!$B$10,IF($G4="Walkover_Away",Settings!$B$11,IF($G4="Cancelled","",IF($E4="","",$E4)))) -> 8 | I4: =IF($G4="Walkover_Home",Settings!$B$11,IF($G4="Walkover_Away",Settings!$B$10,IF($G4="Cancelled","",IF($F4="","",$F4)))) -> 2 | J4: =IF($L4=0,"",IF($G4="Walkover_Home",Settings!$B$7,IF($G4="Walkover_Away",Settings!$B$8,IF($H4>$I4,Settings!$B$3,IF($H4<$I4,Settings!$B$4,Settings!$B$5))))) -> 3 | K4: =IF($L4=0,"",IF($G4="Walkover_Home",Settings!$B$8,IF($G4="Walkover_Away",Settings!$B$7,IF($I4>$H4,Settings!$B$3,IF($I4<$H4,Settings!$B$4,Settings!$B$5))))) -> 0 | L4: =IF($G4="Cancelled",0,IF(OR($H4="", $I4=""),0,1)) -> 1 | M4: =IF($L4=0,"",IF($H4>$I4,1,0)) -> 1 | N4: =IF($L4=0,"",IF($H4=$I4,1,0)) -> 0 | O4: =IF($L4=0,"",IF($H4<$I4,1,0)) -> 0 | P4: =IF($L4=0,"",IF($I4>$H4,1,0)) -> 0 | Q4: =IF($L4=0,"",IF($I4=$H4,1,0)) -> 0 | R4: =IF($L4=0,"",IF($I4<$H4,1,0)) -> 1 | S4: =IF($L4=0,"",IF($H4>$I4,$C4,IF($H4<$I4,$D4,"Draw"))) -> RHYMEZ | U4: =IF($L4=0,"",$H4-$I4) -> 6 | V4: =IF($L4=0,"",$I4-$H4) -> -6 | W4: =IF($L4=0,"",$I4-$H4) -> -6 | X4: =IF($L4=0,"",$H4-$I4) -> 6
A5: 3 | B5: 46039 | C5: GURU | D5: BAJI SNR | E5: 3 | F5: 5 | G5: Played | H5: =IF($G5="Walkover_Home",Settings!$B$10,IF($G5="Walkover_Away",Settings!$B$11,IF($G5="Cancelled","",IF($E5="","",$E5)))) -> 3 | I5: =IF($G5="Walkover_Home",Settings!$B$11,IF($G5="Walkover_Away",Settings!$B$10,IF($G5="Cancelled","",IF($F5="","",$F5)))) -> 5 | J5: =IF($L5=0,"",IF($G5="Walkover_Home",Settings!$B$7,IF($G5="Walkover_Away",Settings!$B$8,IF($H5>$I5,Settings!$B$3,IF($H5<$I5,Settings!$B$4,Settings!$B$5))))) -> 0 | K5: =IF($L5=0,"",IF($G5="Walkover_Home",Settings!$B$8,IF($G5="Walkover_Away",Settings!$B$7,IF($I5>$H5,Settings!$B$3,IF($I5<$H5,Settings!$B$4,Settings!$B$5))))) -> 3 | L5: =IF($G5="Cancelled",0,IF(OR($H5="", $I5=""),0,1)) -> 1 | M5: =IF($L5=0,"",IF($H5>$I5,1,0)) -> 0 | N5: =IF($L5=0,"",IF($H5=$I5,1,0)) -> 0 | O5: =IF($L5=0,"",IF($H5<$I5,1,0)) -> 1 | P5: =IF($L5=0,"",IF($I5>$H5,1,0)) -> 1 | Q5: =IF($L5=0,"",IF($I5=$H5,1,0)) -> 0 | R5: =IF($L5=0,"",IF($I5<$H5,1,0)) -> 0 | S5: =IF($L5=0,"",IF($H5>$I5,$C5,IF($H5<$I5,$D5,"Draw"))) -> BAJI SNR | U5: =IF($L5=0,"",$H5-$I5) -> -2 | V5: =IF($L5=0,"",$I5-$H5) -> 2 | W5: =IF($L5=0,"",$I5-$H5) -> 2 | X5: =IF($L5=0,"",$H5-$I5) -> -2
A6: 4 | B6: 46039 | C6: GAMEWITHJOSH | D6: BLAISE99 | E6: 2 | F6: 10 | G6: Played | H6: =IF($G6="Walkover_Home",Settings!$B$10,IF($G6="Walkover_Away",Settings!$B$11,IF($G6="Cancelled","",IF($E6="","",$E6)))) -> 2 | I6: =IF($G6="Walkover_Home",Settings!$B$11,IF($G6="Walkover_Away",Settings!$B$10,IF($G6="Cancelled","",IF($F6="","",$F6)))) -> 10 | J6: =IF($L6=0,"",IF($G6="Walkover_Home",Settings!$B$7,IF($G6="Walkover_Away",Settings!$B$8,IF($H6>$I6,Settings!$B$3,IF($H6<$I6,Settings!$B$4,Settings!$B$5))))) -> 0 | K6: =IF($L6=0,"",IF($G6="Walkover_Home",Settings!$B$8,IF($G6="Walkover_Away",Settings!$B$7,IF($I6>$H6,Settings!$B$3,IF($I6<$H6,Settings!$B$4,Settings!$B$5))))) -> 3 | L6: =IF($G6="Cancelled",0,IF(OR($H6="", $I6=""),0,1)) -> 1 | M6: =IF($L6=0,"",IF($H6>$I6,1,0)) -> 0 | N6: =IF($L6=0,"",IF($H6=$I6,1,0)) -> 0 | O6: =IF($L6=0,"",IF($H6<$I6,1,0)) -> 1 | P6: =IF($L6=0,"",IF($I6>$H6,1,0)) -> 1 | Q6: =IF($L6=0,"",IF($I6=$H6,1,0)) -> 0 | R6: =IF($L6=0,"",IF($I6<$H6,1,0)) -> 0 | S6: =IF($L6=0,"",IF($H6>$I6,$C6,IF($H6<$I6,$D6,"Draw"))) -> BLAISE99 | U6: =IF($L6=0,"",$H6-$I6) -> -8 | V6: =IF($L6=0,"",$I6-$H6) -> 8 | W6: =IF($L6=0,"",$I6-$H6) -> 8 | X6: =IF($L6=0,"",$H6-$I6) -> -8
A7: 5 | B7: 46039 | C7: TACTICAL | D7: KAYKAY | E7: 3 | F7: 7 | G7: Played | H7: =IF($G7="Walkover_Home",Settings!$B$10,IF($G7="Walkover_Away",Settings!$B$11,IF($G7="Cancelled","",IF($E7="","",$E7)))) -> 3 | I7: =IF($G7="Walkover_Home",Settings!$B$11,IF($G7="Walkover_Away",Settings!$B$10,IF($G7="Cancelled","",IF($F7="","",$F7)))) -> 7 | J7: =IF($L7=0,"",IF($G7="Walkover_Home",Settings!$B$7,IF($G7="Walkover_Away",Settings!$B$8,IF($H7>$I7,Settings!$B$3,IF($H7<$I7,Settings!$B$4,Settings!$B$5))))) -> 0 | K7: =IF($L7=0,"",IF($G7="Walkover_Home",Settings!$B$8,IF($G7="Walkover_Away",Settings!$B$7,IF($I7>$H7,Settings!$B$3,IF($I7<$H7,Settings!$B$4,Settings!$B$5))))) -> 3 | L7: =IF($G7="Cancelled",0,IF(OR($H7="", $I7=""),0,1)) -> 1 | M7: =IF($L7=0,"",IF($H7>$I7,1,0)) -> 0 | N7: =IF($L7=0,"",IF($H7=$I7,1,0)) -> 0 | O7: =IF($L7=0,"",IF($H7<$I7,1,0)) -> 1 | P7: =IF($L7=0,"",IF($I7>$H7,1,0)) -> 1 | Q7: =IF($L7=0,"",IF($I7=$H7,1,0)) -> 0 | R7: =IF($L7=0,"",IF($I7<$H7,1,0)) -> 0 | S7: =IF($L7=0,"",IF($H7>$I7,$C7,IF($H7<$I7,$D7,"Draw"))) -> KAYKAY | U7: =IF($L7=0,"",$H7-$I7) -> -4 | V7: =IF($L7=0,"",$I7-$H7) -> 4 | W7: =IF($L7=0,"",$I7-$H7) -> 4 | X7: =IF($L7=0,"",$H7-$I7) -> -4
A8: 6 | B8: 46039 | C8: SON OF GOD | D8: DADABOI | E8: 7 | F8: 0 | G8: Played | H8: =IF($G8="Walkover_Home",Settings!$B$10,IF($G8="Walkover_Away",Settings!$B$11,IF($G8="Cancelled","",IF($E8="","",$E8)))) -> 7 | I8: =IF($G8="Walkover_Home",Settings!$B$11,IF($G8="Walkover_Away",Settings!$B$10,IF($G8="Cancelled","",IF($F8="","",$F8)))) -> 0 | J8: =IF($L8=0,"",IF($G8="Walkover_Home",Settings!$B$7,IF($G8="Walkover_Away",Settings!$B$8,IF($H8>$I8,Settings!$B$3,IF($H8<$I8,Settings!$B$4,Settings!$B$5))))) -> 3 | K8: =IF($L8=0,"",IF($G8="Walkover_Home",Settings!$B$8,IF($G8="Walkover_Away",Settings!$B$7,IF($I8>$H8,Settings!$B$3,IF($I8<$H8,Settings!$B$4,Settings!$B$5))))) -> 0 | L8: =IF($G8="Cancelled",0,IF(OR($H8="", $I8=""),0,1)) -> 1 | M8: =IF($L8=0,"",IF($H8>$I8,1,0)) -> 1 | N8: =IF($L8=0,"",IF($H8=$I8,1,0)) -> 0 | O8: =IF($L8=0,"",IF($H8<$I8,1,0)) -> 0 | P8: =IF($L8=0,"",IF($I8>$H8,1,0)) -> 0 | Q8: =IF($L8=0,"",IF($I8=$H8,1,0)) -> 0 | R8: =IF($L8=0,"",IF($I8<$H8,1,0)) -> 1 | S8: =IF($L8=0,"",IF($H8>$I8,$C8,IF($H8<$I8,$D8,"Draw"))) -> SON OF GOD | U8: =IF($L8=0,"",$H8-$I8) -> 7 | V8: =IF($L8=0,"",$I8-$H8) -> -7 | W8: =IF($L8=0,"",$I8-$H8) -> -7 | X8: =IF($L8=0,"",$H8-$I8) -> 7
A9: 7 | B9: 46039 | C9: KHALEEDOY | D9: WOLEVATION | G9: Walkover_Away | H9: =IF($G9="Walkover_Home",Settings!$B$10,IF($G9="Walkover_Away",Settings!$B$11,IF($G9="Cancelled","",IF($E9="","",$E9)))) -> 0 | I9: =IF($G9="Walkover_Home",Settings!$B$11,IF($G9="Walkover_Away",Settings!$B$10,IF($G9="Cancelled","",IF($F9="","",$F9)))) -> 3 | J9: =IF($L9=0,"",IF($G9="Walkover_Home",Settings!$B$7,IF($G9="Walkover_Away",Settings!$B$8,IF($H9>$I9,Settings!$B$3,IF($H9<$I9,Settings!$B$4,Settings!$B$5))))) -> 0 | K9: =IF($L9=0,"",IF($G9="Walkover_Home",Settings!$B$8,IF($G9="Walkover_Away",Settings!$B$7,IF($I9>$H9,Settings!$B$3,IF($I9<$H9,Settings!$B$4,Settings!$B$5))))) -> 3 | L9: =IF($G9="Cancelled",0,IF(OR($H9="", $I9=""),0,1)) -> 1 | M9: =IF($L9=0,"",IF($H9>$I9,1,0)) -> 0 | N9: =IF($L9=0,"",IF($H9=$I9,1,0)) -> 0 | O9: =IF($L9=0,"",IF($H9<$I9,1,0)) -> 1 | P9: =IF($L9=0,"",IF($I9>$H9,1,0)) -> 1 | Q9: =IF($L9=0,"",IF($I9=$H9,1,0)) -> 0 | R9: =IF($L9=0,"",IF($I9<$H9,1,0)) -> 0 | S9: =IF($L9=0,"",IF($H9>$I9,$C9,IF($H9<$I9,$D9,"Draw"))) -> WOLEVATION | U9: =IF($L9=0,"",$H9-$I9) -> -3 | V9: =IF($L9=0,"",$I9-$H9) -> 3 | W9: =IF($L9=0,"",$I9-$H9) -> 3 | X9: =IF($L9=0,"",$H9-$I9) -> -3
A10: 8 | B10: 46039 | C10: FLICK | D10: DRACARYS | E10: 5 | F10: 5 | G10: Played | H10: =IF($G10="Walkover_Home",Settings!$B$10,IF($G10="Walkover_Away",Settings!$B$11,IF($G10="Cancelled","",IF($E10="","",$E10)))) -> 5 | I10: =IF($G10="Walkover_Home",Settings!$B$11,IF($G10="Walkover_Away",Settings!$B$10,IF($G10="Cancelled","",IF($F10="","",$F10)))) -> 5 | J10: =IF($L10=0,"",IF($G10="Walkover_Home",Settings!$B$7,IF($G10="Walkover_Away",Settings!$B$8,IF($H10>$I10,Settings!$B$3,IF($H10<$I10,Settings!$B$4,Settings!$B$5))))) -> 1 | K10: =IF($L10=0,"",IF($G10="Walkover_Home",Settings!$B$8,IF($G10="Walkover_Away",Settings!$B$7,IF($I10>$H10,Settings!$B$3,IF($I10<$H10,Settings!$B$4,Settings!$B$5))))) -> 1 | L10: =IF($G10="Cancelled",0,IF(OR($H10="", $I10=""),0,1)) -> 1 | M10: =IF($L10=0,"",IF($H10>$I10,1,0)) -> 0 | N10: =IF($L10=0,"",IF($H10=$I10,1,0)) -> 1 | O10: =IF($L10=0,"",IF($H10<$I10,1,0)) -> 0 | P10: =IF($L10=0,"",IF($I10>$H10,1,0)) -> 0 | Q10: =IF($L10=0,"",IF($I10=$H10,1,0)) -> 1 | R10: =IF($L10=0,"",IF($I10<$H10,1,0)) -> 0 | S10: =IF($L10=0,"",IF($H10>$I10,$C10,IF($H10<$I10,$D10,"Draw"))) -> Draw | U10: =IF($L10=0,"",$H10-$I10) -> 0 | V10: =IF($L10=0,"",$I10-$H10) -> 0 | W10: =IF($L10=0,"",$I10-$H10) -> 0 | X10: =IF($L10=0,"",$H10-$I10) -> 0
A11: 9 | B11: 46039 | C11: KINGNONEX | D11: BRIGHT | E11: 5 | F11: 1 | G11: Played | H11: =IF($G11="Walkover_Home",Settings!$B$10,IF($G11="Walkover_Away",Settings!$B$11,IF($G11="Cancelled","",IF($E11="","",$E11)))) -> 5 | I11: =IF($G11="Walkover_Home",Settings!$B$11,IF($G11="Walkover_Away",Settings!$B$10,IF($G11="Cancelled","",IF($F11="","",$F11)))) -> 1 | J11: =IF($L11=0,"",IF($G11="Walkover_Home",Settings!$B$7,IF($G11="Walkover_Away",Settings!$B$8,IF($H11>$I11,Settings!$B$3,IF($H11<$I11,Settings!$B$4,Settings!$B$5))))) -> 3 | K11: =IF($L11=0,"",IF($G11="Walkover_Home",Settings!$B$8,IF($G11="Walkover_Away",Settings!$B$7,IF($I11>$H11,Settings!$B$3,IF($I11<$H11,Settings!$B$4,Settings!$B$5))))) -> 0 | L11: =IF($G11="Cancelled",0,IF(OR($H11="", $I11=""),0,1)) -> 1 | M11: =IF($L11=0,"",IF($H11>$I11,1,0)) -> 1 | N11: =IF($L11=0,"",IF($H11=$I11,1,0)) -> 0 | O11: =IF($L11=0,"",IF($H11<$I11,1,0)) -> 0 | P11: =IF($L11=0,"",IF($I11>$H11,1,0)) -> 0 | Q11: =IF($L11=0,"",IF($I11=$H11,1,0)) -> 0 | R11: =IF($L11=0,"",IF($I11<$H11,1,0)) -> 1 | S11: =IF($L11=0,"",IF($H11>$I11,$C11,IF($H11<$I11,$D11,"Draw"))) -> KINGNONEX | U11: =IF($L11=0,"",$H11-$I11) -> 4 | V11: =IF($L11=0,"",$I11-$H11) -> -4 | W11: =IF($L11=0,"",$I11-$H11) -> -4 | X11: =IF($L11=0,"",$H11-$I11) -> 4
A12: 10 | B12: 46039 | C12: BALO K | D12: YEMOLEE | E12: 3 | F12: 5 | G12: Played | H12: =IF($G12="Walkover_Home",Settings!$B$10,IF($G12="Walkover_Away",Settings!$B$11,IF($G12="Cancelled","",IF($E12="","",$E12)))) -> 3 | I12: =IF($G12="Walkover_Home",Settings!$B$11,IF($G12="Walkover_Away",Settings!$B$10,IF($G12="Cancelled","",IF($F12="","",$F12)))) -> 5 | J12: =IF($L12=0,"",IF($G12="Walkover_Home",Settings!$B$7,IF($G12="Walkover_Away",Settings!$B$8,IF($H12>$I12,Settings!$B$3,IF($H12<$I12,Settings!$B$4,Settings!$B$5))))) -> 0 | K12: =IF($L12=0,"",IF($G12="Walkover_Home",Settings!$B$8,IF($G12="Walkover_Away",Settings!$B$7,IF($I12>$H12,Settings!$B$3,IF($I12<$H12,Settings!$B$4,Settings!$B$5))))) -> 3 | L12: =IF($G12="Cancelled",0,IF(OR($H12="", $I12=""),0,1)) -> 1 | M12: =IF($L12=0,"",IF($H12>$I12,1,0)) -> 0 | N12: =IF($L12=0,"",IF($H12=$I12,1,0)) -> 0 | O12: =IF($L12=0,"",IF($H12<$I12,1,0)) -> 1 | P12: =IF($L12=0,"",IF($I12>$H12,1,0)) -> 1 | Q12: =IF($L12=0,"",IF($I12=$H12,1,0)) -> 0 | R12: =IF($L12=0,"",IF($I12<$H12,1,0)) -> 0 | S12: =IF($L12=0,"",IF($H12>$I12,$C12,IF($H12<$I12,$D12,"Draw"))) -> YEMOLEE | U12: =IF($L12=0,"",$H12-$I12) -> -2 | V12: =IF($L12=0,"",$I12-$H12) -> 2 | W12: =IF($L12=0,"",$I12-$H12) -> 2 | X12: =IF($L12=0,"",$H12-$I12) -> -2
A13: 11 | B13: 46040 | C13: BRIGHT | D13: YEMOLEE | E13: 2 | F13: 2 | G13: Played | H13: =IF($G13="Walkover_Home",Settings!$B$10,IF($G13="Walkover_Away",Settings!$B$11,IF($G13="Cancelled","",IF($E13="","",$E13)))) -> 2 | I13: =IF($G13="Walkover_Home",Settings!$B$11,IF($G13="Walkover_Away",Settings!$B$10,IF($G13="Cancelled","",IF($F13="","",$F13)))) -> 2 | J13: =IF($L13=0,"",IF($G13="Walkover_Home",Settings!$B$7,IF($G13="Walkover_Away",Settings!$B$8,IF($H13>$I13,Settings!$B$3,IF($H13<$I13,Settings!$B$4,Settings!$B$5))))) -> 1 | K13: =IF($L13=0,"",IF($G13="Walkover_Home",Settings!$B$8,IF($G13="Walkover_Away",Settings!$B$7,IF($I13>$H13,Settings!$B$3,IF($I13<$H13,Settings!$B$4,Settings!$B$5))))) -> 1 | L13: =IF($G13="Cancelled",0,IF(OR($H13="", $I13=""),0,1)) -> 1 | M13: =IF($L13=0,"",IF($H13>$I13,1,0)) -> 0 | N13: =IF($L13=0,"",IF($H13=$I13,1,0)) -> 1 | O13: =IF($L13=0,"",IF($H13<$I13,1,0)) -> 0 | P13: =IF($L13=0,"",IF($I13>$H13,1,0)) -> 0 | Q13: =IF($L13=0,"",IF($I13=$H13,1,0)) -> 1 | R13: =IF($L13=0,"",IF($I13<$H13,1,0)) -> 0 | S13: =IF($L13=0,"",IF($H13>$I13,$C13,IF($H13<$I13,$D13,"Draw"))) -> Draw | U13: =IF($L13=0,"",$H13-$I13) -> 0 | V13: =IF($L13=0,"",$I13-$H13) -> 0 | W13: =IF($L13=0,"",$I13-$H13) -> 0 | X13: =IF($L13=0,"",$H13-$I13) -> 0
A14: 12 | B14: 46040 | C14: RHYMEZ | D14: TACTICAL | E14: 4 | F14: 3 | G14: Played | H14: =IF($G14="Walkover_Home",Settings!$B$10,IF($G14="Walkover_Away",Settings!$B$11,IF($G14="Cancelled","",IF($E14="","",$E14)))) -> 4 | I14: =IF($G14="Walkover_Home",Settings!$B$11,IF($G14="Walkover_Away",Settings!$B$10,IF($G14="Cancelled","",IF($F14="","",$F14)))) -> 3 | J14: =IF($L14=0,"",IF($G14="Walkover_Home",Settings!$B$7,IF($G14="Walkover_Away",Settings!$B$8,IF($H14>$I14,Settings!$B$3,IF($H14<$I14,Settings!$B$4,Settings!$B$5))))) -> 3 | K14: =IF($L14=0,"",IF($G14="Walkover_Home",Settings!$B$8,IF($G14="Walkover_Away",Settings!$B$7,IF($I14>$H14,Settings!$B$3,IF($I14<$H14,Settings!$B$4,Settings!$B$5))))) -> 0 | L14: =IF($G14="Cancelled",0,IF(OR($H14="", $I14=""),0,1)) -> 1 | M14: =IF($L14=0,"",IF($H14>$I14,1,0)) -> 1 | N14: =IF($L14=0,"",IF($H14=$I14,1,0)) -> 0 | O14: =IF($L14=0,"",IF($H14<$I14,1,0)) -> 0 | P14: =IF($L14=0,"",IF($I14>$H14,1,0)) -> 0 | Q14: =IF($L14=0,"",IF($I14=$H14,1,0)) -> 0 | R14: =IF($L14=0,"",IF($I14<$H14,1,0)) -> 1 | S14: =IF($L14=0,"",IF($H14>$I14,$C14,IF($H14<$I14,$D14,"Draw"))) -> RHYMEZ | U14: =IF($L14=0,"",$H14-$I14) -> 1 | V14: =IF($L14=0,"",$I14-$H14) -> -1 | W14: =IF($L14=0,"",$I14-$H14) -> -1 | X14: =IF($L14=0,"",$H14-$I14) -> 1
A15: 13 | B15: 46040 | C15: BALO K | D15: MR OGA | G15: Walkover_Home | H15: =IF($G15="Walkover_Home",Settings!$B$10,IF($G15="Walkover_Away",Settings!$B$11,IF($G15="Cancelled","",IF($E15="","",$E15)))) -> 3 | I15: =IF($G15="Walkover_Home",Settings!$B$11,IF($G15="Walkover_Away",Settings!$B$10,IF($G15="Cancelled","",IF($F15="","",$F15)))) -> 0 | J15: =IF($L15=0,"",IF($G15="Walkover_Home",Settings!$B$7,IF($G15="Walkover_Away",Settings!$B$8,IF($H15>$I15,Settings!$B$3,IF($H15<$I15,Settings!$B$4,Settings!$B$5))))) -> 3 | K15: =IF($L15=0,"",IF($G15="Walkover_Home",Settings!$B$8,IF($G15="Walkover_Away",Settings!$B$7,IF($I15>$H15,Settings!$B$3,IF($I15<$H15,Settings!$B$4,Settings!$B$5))))) -> 0 | L15: =IF($G15="Cancelled",0,IF(OR($H15="", $I15=""),0,1)) -> 1 | M15: =IF($L15=0,"",IF($H15>$I15,1,0)) -> 1 | N15: =IF($L15=0,"",IF($H15=$I15,1,0)) -> 0 | O15: =IF($L15=0,"",IF($H15<$I15,1,0)) -> 0 | P15: =IF($L15=0,"",IF($I15>$H15,1,0)) -> 0 | Q15: =IF($L15=0,"",IF($I15=$H15,1,0)) -> 0 | R15: =IF($L15=0,"",IF($I15<$H15,1,0)) -> 1 | S15: =IF($L15=0,"",IF($H15>$I15,$C15,IF($H15<$I15,$D15,"Draw"))) -> BALO K | U15: =IF($L15=0,"",$H15-$I15) -> 3 | V15: =IF($L15=0,"",$I15-$H15) -> -3 | W15: =IF($L15=0,"",$I15-$H15) -> -3 | X15: =IF($L15=0,"",$H15-$I15) -> 3
A16: 14 | B16: 46040 | C16: DADABOI | D16: KINGNONEX | E16: 0 | F16: 10 | G16: Played | H16: =IF($G16="Walkover_Home",Settings!$B$10,IF($G16="Walkover_Away",Settings!$B$11,IF($G16="Cancelled","",IF($E16="","",$E16)))) -> 0 | I16: =IF($G16="Walkover_Home",Settings!$B$11,IF($G16="Walkover_Away",Settings!$B$10,IF($G16="Cancelled","",IF($F16="","",$F16)))) -> 10 | J16: =IF($L16=0,"",IF($G16="Walkover_Home",Settings!$B$7,IF($G16="Walkover_Away",Settings!$B$8,IF($H16>$I16,Settings!$B$3,IF($H16<$I16,Settings!$B$4,Settings!$B$5))))) -> 0 | K16: =IF($L16=0,"",IF($G16="Walkover_Home",Settings!$B$8,IF($G16="Walkover_Away",Settings!$B$7,IF($I16>$H16,Settings!$B$3,IF($I16<$H16,Settings!$B$4,Settings!$B$5))))) -> 3 | L16: =IF($G16="Cancelled",0,IF(OR($H16="", $I16=""),0,1)) -> 1 | M16: =IF($L16=0,"",IF($H16>$I16,1,0)) -> 0 | N16: =IF($L16=0,"",IF($H16=$I16,1,0)) -> 0 | O16: =IF($L16=0,"",IF($H16<$I16,1,0)) -> 1 | P16: =IF($L16=0,"",IF($I16>$H16,1,0)) -> 1 | Q16: =IF($L16=0,"",IF($I16=$H16,1,0)) -> 0 | R16: =IF($L16=0,"",IF($I16<$H16,1,0)) -> 0 | S16: =IF($L16=0,"",IF($H16>$I16,$C16,IF($H16<$I16,$D16,"Draw"))) -> KINGNONEX | U16: =IF($L16=0,"",$H16-$I16) -> -10 | V16: =IF($L16=0,"",$I16-$H16) -> 10 | W16: =IF($L16=0,"",$I16-$H16) -> 10 | X16: =IF($L16=0,"",$H16-$I16) -> -10
A17: 15 | B17: 46040 | C17: GURU | D17: ANIFE | E17: 6 | F17: 4 | G17: Played | H17: =IF($G17="Walkover_Home",Settings!$B$10,IF($G17="Walkover_Away",Settings!$B$11,IF($G17="Cancelled","",IF($E17="","",$E17)))) -> 6 | I17: =IF($G17="Walkover_Home",Settings!$B$11,IF($G17="Walkover_Away",Settings!$B$10,IF($G17="Cancelled","",IF($F17="","",$F17)))) -> 4 | J17: =IF($L17=0,"",IF($G17="Walkover_Home",Settings!$B$7,IF($G17="Walkover_Away",Settings!$B$8,IF($H17>$I17,Settings!$B$3,IF($H17<$I17,Settings!$B$4,Settings!$B$5))))) -> 3 | K17: =IF($L17=0,"",IF($G17="Walkover_Home",Settings!$B$8,IF($G17="Walkover_Away",Settings!$B$7,IF($I17>$H17,Settings!$B$3,IF($I17<$H17,Settings!$B$4,Settings!$B$5))))) -> 0 | L17: =IF($G17="Cancelled",0,IF(OR($H17="", $I17=""),0,1)) -> 1 | M17: =IF($L17=0,"",IF($H17>$I17,1,0)) -> 1 | N17: =IF($L17=0,"",IF($H17=$I17,1,0)) -> 0 | O17: =IF($L17=0,"",IF($H17<$I17,1,0)) -> 0 | P17: =IF($L17=0,"",IF($I17>$H17,1,0)) -> 0 | Q17: =IF($L17=0,"",IF($I17=$H17,1,0)) -> 0 | R17: =IF($L17=0,"",IF($I17<$H17,1,0)) -> 1 | S17: =IF($L17=0,"",IF($H17>$I17,$C17,IF($H17<$I17,$D17,"Draw"))) -> GURU | U17: =IF($L17=0,"",$H17-$I17) -> 2 | V17: =IF($L17=0,"",$I17-$H17) -> -2 | W17: =IF($L17=0,"",$I17-$H17) -> -2 | X17: =IF($L17=0,"",$H17-$I17) -> 2
A18: 16 | B18: 46040 | C18: WOLEVATION | D18: BLAISE99 | E18: 6 | F18: 4 | G18: Played | H18: =IF($G18="Walkover_Home",Settings!$B$10,IF($G18="Walkover_Away",Settings!$B$11,IF($G18="Cancelled","",IF($E18="","",$E18)))) -> 6 | I18: =IF($G18="Walkover_Home",Settings!$B$11,IF($G18="Walkover_Away",Settings!$B$10,IF($G18="Cancelled","",IF($F18="","",$F18)))) -> 4 | J18: =IF($L18=0,"",IF($G18="Walkover_Home",Settings!$B$7,IF($G18="Walkover_Away",Settings!$B$8,IF($H18>$I18,Settings!$B$3,IF($H18<$I18,Settings!$B$4,Settings!$B$5))))) -> 3 | K18: =IF($L18=0,"",IF($G18="Walkover_Home",Settings!$B$8,IF($G18="Walkover_Away",Settings!$B$7,IF($I18>$H18,Settings!$B$3,IF($I18<$H18,Settings!$B$4,Settings!$B$5))))) -> 0 | L18: =IF($G18="Cancelled",0,IF(OR($H18="", $I18=""),0,1)) -> 1 | M18: =IF($L18=0,"",IF($H18>$I18,1,0)) -> 1 | N18: =IF($L18=0,"",IF($H18=$I18,1,0)) -> 0 | O18: =IF($L18=0,"",IF($H18<$I18,1,0)) -> 0 | P18: =IF($L18=0,"",IF($I18>$H18,1,0)) -> 0 | Q18: =IF($L18=0,"",IF($I18=$H18,1,0)) -> 0 | R18: =IF($L18=0,"",IF($I18<$H18,1,0)) -> 1 | S18: =IF($L18=0,"",IF($H18>$I18,$C18,IF($H18<$I18,$D18,"Draw"))) -> WOLEVATION | U18: =IF($L18=0,"",$H18-$I18) -> 2 | V18: =IF($L18=0,"",$I18-$H18) -> -2 | W18: =IF($L18=0,"",$I18-$H18) -> -2 | X18: =IF($L18=0,"",$H18-$I18) -> 2
A19: 17 | B19: 46040 | C19: FLICK | D19: SON OF GOD | E19: 0 | F19: 6 | G19: Played | H19: =IF($G19="Walkover_Home",Settings!$B$10,IF($G19="Walkover_Away",Settings!$B$11,IF($G19="Cancelled","",IF($E19="","",$E19)))) -> 0 | I19: =IF($G19="Walkover_Home",Settings!$B$11,IF($G19="Walkover_Away",Settings!$B$10,IF($G19="Cancelled","",IF($F19="","",$F19)))) -> 6 | J19: =IF($L19=0,"",IF($G19="Walkover_Home",Settings!$B$7,IF($G19="Walkover_Away",Settings!$B$8,IF($H19>$I19,Settings!$B$3,IF($H19<$I19,Settings!$B$4,Settings!$B$5))))) -> 0 | K19: =IF($L19=0,"",IF($G19="Walkover_Home",Settings!$B$8,IF($G19="Walkover_Away",Settings!$B$7,IF($I19>$H19,Settings!$B$3,IF($I19<$H19,Settings!$B$4,Settings!$B$5))))) -> 3 | L19: =IF($G19="Cancelled",0,IF(OR($H19="", $I19=""),0,1)) -> 1 | M19: =IF($L19=0,"",IF($H19>$I19,1,0)) -> 0 | N19: =IF($L19=0,"",IF($H19=$I19,1,0)) -> 0 | O19: =IF($L19=0,"",IF($H19<$I19,1,0)) -> 1 | P19: =IF($L19=0,"",IF($I19>$H19,1,0)) -> 1 | Q19: =IF($L19=0,"",IF($I19=$H19,1,0)) -> 0 | R19: =IF($L19=0,"",IF($I19<$H19,1,0)) -> 0 | S19: =IF($L19=0,"",IF($H19>$I19,$C19,IF($H19<$I19,$D19,"Draw"))) -> SON OF GOD | U19: =IF($L19=0,"",$H19-$I19) -> -6 | V19: =IF($L19=0,"",$I19-$H19) -> 6 | W19: =IF($L19=0,"",$I19-$H19) -> 6 | X19: =IF($L19=0,"",$H19-$I19) -> -6
A20: 18 | B20: 46040 | C20: GAMEWITHJOSH | D20: BALO K | E20: 7 | F20: 5 | G20: Played | H20: =IF($G20="Walkover_Home",Settings!$B$10,IF($G20="Walkover_Away",Settings!$B$11,IF($G20="Cancelled","",IF($E20="","",$E20)))) -> 7 | I20: =IF($G20="Walkover_Home",Settings!$B$11,IF($G20="Walkover_Away",Settings!$B$10,IF($G20="Cancelled","",IF($F20="","",$F20)))) -> 5 | J20: =IF($L20=0,"",IF($G20="Walkover_Home",Settings!$B$7,IF($G20="Walkover_Away",Settings!$B$8,IF($H20>$I20,Settings!$B$3,IF($H20<$I20,Settings!$B$4,Settings!$B$5))))) -> 3 | K20: =IF($L20=0,"",IF($G20="Walkover_Home",Settings!$B$8,IF($G20="Walkover_Away",Settings!$B$7,IF($I20>$H20,Settings!$B$3,IF($I20<$H20,Settings!$B$4,Settings!$B$5))))) -> 0 | L20: =IF($G20="Cancelled",0,IF(OR($H20="", $I20=""),0,1)) -> 1 | M20: =IF($L20=0,"",IF($H20>$I20,1,0)) -> 1 | N20: =IF($L20=0,"",IF($H20=$I20,1,0)) -> 0 | O20: =IF($L20=0,"",IF($H20<$I20,1,0)) -> 0 | P20: =IF($L20=0,"",IF($I20>$H20,1,0)) -> 0 | Q20: =IF($L20=0,"",IF($I20=$H20,1,0)) -> 0 | R20: =IF($L20=0,"",IF($I20<$H20,1,0)) -> 1 | S20: =IF($L20=0,"",IF($H20>$I20,$C20,IF($H20<$I20,$D20,"Draw"))) -> GAMEWITHJOSH | U20: =IF($L20=0,"",$H20-$I20) -> 2 | V20: =IF($L20=0,"",$I20-$H20) -> -2 | W20: =IF($L20=0,"",$I20-$H20) -> -2 | X20: =IF($L20=0,"",$H20-$I20) -> 2
A21: 19 | B21: 46040 | C21: YEMOLEE | D21: BAJI SNR | E21: 6 | F21: 1 | G21: Played | H21: =IF($G21="Walkover_Home",Settings!$B$10,IF($G21="Walkover_Away",Settings!$B$11,IF($G21="Cancelled","",IF($E21="","",$E21)))) -> 6 | I21: =IF($G21="Walkover_Home",Settings!$B$11,IF($G21="Walkover_Away",Settings!$B$10,IF($G21="Cancelled","",IF($F21="","",$F21)))) -> 1 | J21: =IF($L21=0,"",IF($G21="Walkover_Home",Settings!$B$7,IF($G21="Walkover_Away",Settings!$B$8,IF($H21>$I21,Settings!$B$3,IF($H21<$I21,Settings!$B$4,Settings!$B$5))))) -> 3 | K21: =IF($L21=0,"",IF($G21="Walkover_Home",Settings!$B$8,IF($G21="Walkover_Away",Settings!$B$7,IF($I21>$H21,Settings!$B$3,IF($I21<$H21,Settings!$B$4,Settings!$B$5))))) -> 0 | L21: =IF($G21="Cancelled",0,IF(OR($H21="", $I21=""),0,1)) -> 1 | M21: =IF($L21=0,"",IF($H21>$I21,1,0)) -> 1 | N21: =IF($L21=0,"",IF($H21=$I21,1,0)) -> 0 | O21: =IF($L21=0,"",IF($H21<$I21,1,0)) -> 0 | P21: =IF($L21=0,"",IF($I21>$H21,1,0)) -> 0 | Q21: =IF($L21=0,"",IF($I21=$H21,1,0)) -> 0 | R21: =IF($L21=0,"",IF($I21<$H21,1,0)) -> 1 | S21: =IF($L21=0,"",IF($H21>$I21,$C21,IF($H21<$I21,$D21,"Draw"))) -> YEMOLEE | U21: =IF($L21=0,"",$H21-$I21) -> 5 | V21: =IF($L21=0,"",$I21-$H21) -> -5 | W21: =IF($L21=0,"",$I21-$H21) -> -5 | X21: =IF($L21=0,"",$H21-$I21) -> 5
A22: 20 | B22: 46040 | C22: BRIGHT | D22: DRACARYS | E22: 4 | F22: 7 | G22: Played | H22: =IF($G22="Walkover_Home",Settings!$B$10,IF($G22="Walkover_Away",Settings!$B$11,IF($G22="Cancelled","",IF($E22="","",$E22)))) -> 4 | I22: =IF($G22="Walkover_Home",Settings!$B$11,IF($G22="Walkover_Away",Settings!$B$10,IF($G22="Cancelled","",IF($F22="","",$F22)))) -> 7 | J22: =IF($L22=0,"",IF($G22="Walkover_Home",Settings!$B$7,IF($G22="Walkover_Away",Settings!$B$8,IF($H22>$I22,Settings!$B$3,IF($H22<$I22,Settings!$B$4,Settings!$B$5))))) -> 0 | K22: =IF($L22=0,"",IF($G22="Walkover_Home",Settings!$B$8,IF($G22="Walkover_Away",Settings!$B$7,IF($I22>$H22,Settings!$B$3,IF($I22<$H22,Settings!$B$4,Settings!$B$5))))) -> 3 | L22: =IF($G22="Cancelled",0,IF(OR($H22="", $I22=""),0,1)) -> 1 | M22: =IF($L22=0,"",IF($H22>$I22,1,0)) -> 0 | N22: =IF($L22=0,"",IF($H22=$I22,1,0)) -> 0 | O22: =IF($L22=0,"",IF($H22<$I22,1,0)) -> 1 | P22: =IF($L22=0,"",IF($I22>$H22,1,0)) -> 1 | Q22: =IF($L22=0,"",IF($I22=$H22,1,0)) -> 0 | R22: =IF($L22=0,"",IF($I22<$H22,1,0)) -> 0 | S22: =IF($L22=0,"",IF($H22>$I22,$C22,IF($H22<$I22,$D22,"Draw"))) -> DRACARYS | U22: =IF($L22=0,"",$H22-$I22) -> -3 | V22: =IF($L22=0,"",$I22-$H22) -> 3 | W22: =IF($L22=0,"",$I22-$H22) -> 3 | X22: =IF($L22=0,"",$H22-$I22) -> -3
A23: 21 | B23: 46040 | C23: TACTICAL | D23: WOLEVATION | E23: 3 | F23: 7 | G23: Played | H23: =IF($G23="Walkover_Home",Settings!$B$10,IF($G23="Walkover_Away",Settings!$B$11,IF($G23="Cancelled","",IF($E23="","",$E23)))) -> 3 | I23: =IF($G23="Walkover_Home",Settings!$B$11,IF($G23="Walkover_Away",Settings!$B$10,IF($G23="Cancelled","",IF($F23="","",$F23)))) -> 7 | J23: =IF($L23=0,"",IF($G23="Walkover_Home",Settings!$B$7,IF($G23="Walkover_Away",Settings!$B$8,IF($H23>$I23,Settings!$B$3,IF($H23<$I23,Settings!$B$4,Settings!$B$5))))) -> 0 | K23: =IF($L23=0,"",IF($G23="Walkover_Home",Settings!$B$8,IF($G23="Walkover_Away",Settings!$B$7,IF($I23>$H23,Settings!$B$3,IF($I23<$H23,Settings!$B$4,Settings!$B$5))))) -> 3 | L23: =IF($G23="Cancelled",0,IF(OR($H23="", $I23=""),0,1)) -> 1 | M23: =IF($L23=0,"",IF($H23>$I23,1,0)) -> 0 | N23: =IF($L23=0,"",IF($H23=$I23,1,0)) -> 0 | O23: =IF($L23=0,"",IF($H23<$I23,1,0)) -> 1 | P23: =IF($L23=0,"",IF($I23>$H23,1,0)) -> 1 | Q23: =IF($L23=0,"",IF($I23=$H23,1,0)) -> 0 | R23: =IF($L23=0,"",IF($I23<$H23,1,0)) -> 0 | S23: =IF($L23=0,"",IF($H23>$I23,$C23,IF($H23<$I23,$D23,"Draw"))) -> WOLEVATION | U23: =IF($L23=0,"",$H23-$I23) -> -4 | V23: =IF($L23=0,"",$I23-$H23) -> 4 | W23: =IF($L23=0,"",$I23-$H23) -> 4 | X23: =IF($L23=0,"",$H23-$I23) -> -4
A24: 22 | B24: 46040 | C24: SIMPLYY UZO | D24: KINGNONEX | E24: 1 | F24: 6 | G24: Played | H24: =IF($G24="Walkover_Home",Settings!$B$10,IF($G24="Walkover_Away",Settings!$B$11,IF($G24="Cancelled","",IF($E24="","",$E24)))) -> 1 | I24: =IF($G24="Walkover_Home",Settings!$B$11,IF($G24="Walkover_Away",Settings!$B$10,IF($G24="Cancelled","",IF($F24="","",$F24)))) -> 6 | J24: =IF($L24=0,"",IF($G24="Walkover_Home",Settings!$B$7,IF($G24="Walkover_Away",Settings!$B$8,IF($H24>$I24,Settings!$B$3,IF($H24<$I24,Settings!$B$4,Settings!$B$5))))) -> 0 | K24: =IF($L24=0,"",IF($G24="Walkover_Home",Settings!$B$8,IF($G24="Walkover_Away",Settings!$B$7,IF($I24>$H24,Settings!$B$3,IF($I24<$H24,Settings!$B$4,Settings!$B$5))))) -> 3 | L24: =IF($G24="Cancelled",0,IF(OR($H24="", $I24=""),0,1)) -> 1 | M24: =IF($L24=0,"",IF($H24>$I24,1,0)) -> 0 | N24: =IF($L24=0,"",IF($H24=$I24,1,0)) -> 0 | O24: =IF($L24=0,"",IF($H24<$I24,1,0)) -> 1 | P24: =IF($L24=0,"",IF($I24>$H24,1,0)) -> 1 | Q24: =IF($L24=0,"",IF($I24=$H24,1,0)) -> 0 | R24: =IF($L24=0,"",IF($I24<$H24,1,0)) -> 0 | S24: =IF($L24=0,"",IF($H24>$I24,$C24,IF($H24<$I24,$D24,"Draw"))) -> KINGNONEX | U24: =IF($L24=0,"",$H24-$I24) -> -5 | V24: =IF($L24=0,"",$I24-$H24) -> 5 | W24: =IF($L24=0,"",$I24-$H24) -> 5 | X24: =IF($L24=0,"",$H24-$I24) -> -5
A25: 23 | B25: 46040 | C25: KAYKAY | D25: DRACARYS | E25: 5 | F25: 4 | G25: Played | H25: =IF($G25="Walkover_Home",Settings!$B$10,IF($G25="Walkover_Away",Settings!$B$11,IF($G25="Cancelled","",IF($E25="","",$E25)))) -> 5 | I25: =IF($G25="Walkover_Home",Settings!$B$11,IF($G25="Walkover_Away",Settings!$B$10,IF($G25="Cancelled","",IF($F25="","",$F25)))) -> 4 | J25: =IF($L25=0,"",IF($G25="Walkover_Home",Settings!$B$7,IF($G25="Walkover_Away",Settings!$B$8,IF($H25>$I25,Settings!$B$3,IF($H25<$I25,Settings!$B$4,Settings!$B$5))))) -> 3 | K25: =IF($L25=0,"",IF($G25="Walkover_Home",Settings!$B$8,IF($G25="Walkover_Away",Settings!$B$7,IF($I25>$H25,Settings!$B$3,IF($I25<$H25,Settings!$B$4,Settings!$B$5))))) -> 0 | L25: =IF($G25="Cancelled",0,IF(OR($H25="", $I25=""),0,1)) -> 1 | M25: =IF($L25=0,"",IF($H25>$I25,1,0)) -> 1 | N25: =IF($L25=0,"",IF($H25=$I25,1,0)) -> 0 | O25: =IF($L25=0,"",IF($H25<$I25,1,0)) -> 0 | P25: =IF($L25=0,"",IF($I25>$H25,1,0)) -> 0 | Q25: =IF($L25=0,"",IF($I25=$H25,1,0)) -> 0 | R25: =IF($L25=0,"",IF($I25<$H25,1,0)) -> 1 | S25: =IF($L25=0,"",IF($H25>$I25,$C25,IF($H25<$I25,$D25,"Draw"))) -> KAYKAY | U25: =IF($L25=0,"",$H25-$I25) -> 1 | V25: =IF($L25=0,"",$I25-$H25) -> -1 | W25: =IF($L25=0,"",$I25-$H25) -> -1 | X25: =IF($L25=0,"",$H25-$I25) -> 1
A26: 24 | B26: 46040 | C26: KHALEEDOY | D26: GURU | E26: 2 | F26: 5 | G26: Played | H26: =IF($G26="Walkover_Home",Settings!$B$10,IF($G26="Walkover_Away",Settings!$B$11,IF($G26="Cancelled","",IF($E26="","",$E26)))) -> 2 | I26: =IF($G26="Walkover_Home",Settings!$B$11,IF($G26="Walkover_Away",Settings!$B$10,IF($G26="Cancelled","",IF($F26="","",$F26)))) -> 5 | J26: =IF($L26=0,"",IF($G26="Walkover_Home",Settings!$B$7,IF($G26="Walkover_Away",Settings!$B$8,IF($H26>$I26,Settings!$B$3,IF($H26<$I26,Settings!$B$4,Settings!$B$5))))) -> 0 | K26: =IF($L26=0,"",IF($G26="Walkover_Home",Settings!$B$8,IF($G26="Walkover_Away",Settings!$B$7,IF($I26>$H26,Settings!$B$3,IF($I26<$H26,Settings!$B$4,Settings!$B$5))))) -> 3 | L26: =IF($G26="Cancelled",0,IF(OR($H26="", $I26=""),0,1)) -> 1 | M26: =IF($L26=0,"",IF($H26>$I26,1,0)) -> 0 | N26: =IF($L26=0,"",IF($H26=$I26,1,0)) -> 0 | O26: =IF($L26=0,"",IF($H26<$I26,1,0)) -> 1 | P26: =IF($L26=0,"",IF($I26>$H26,1,0)) -> 1 | Q26: =IF($L26=0,"",IF($I26=$H26,1,0)) -> 0 | R26: =IF($L26=0,"",IF($I26<$H26,1,0)) -> 0 | S26: =IF($L26=0,"",IF($H26>$I26,$C26,IF($H26<$I26,$D26,"Draw"))) -> GURU | U26: =IF($L26=0,"",$H26-$I26) -> -3 | V26: =IF($L26=0,"",$I26-$H26) -> 3 | W26: =IF($L26=0,"",$I26-$H26) -> 3 | X26: =IF($L26=0,"",$H26-$I26) -> -3
A27: 25 | B27: 46046 | C27: BAJI SNR | D27: ANIFE | E27: 3 | F27: 5 | G27: Played | H27: =IF($G27="Walkover_Home",Settings!$B$10,IF($G27="Walkover_Away",Settings!$B$11,IF($G27="Cancelled","",IF($E27="","",$E27)))) -> 3 | I27: =IF($G27="Walkover_Home",Settings!$B$11,IF($G27="Walkover_Away",Settings!$B$10,IF($G27="Cancelled","",IF($F27="","",$F27)))) -> 5 | J27: =IF($L27=0,"",IF($G27="Walkover_Home",Settings!$B$7,IF($G27="Walkover_Away",Settings!$B$8,IF($H27>$I27,Settings!$B$3,IF($H27<$I27,Settings!$B$4,Settings!$B$5))))) -> 0 | K27: =IF($L27=0,"",IF($G27="Walkover_Home",Settings!$B$8,IF($G27="Walkover_Away",Settings!$B$7,IF($I27>$H27,Settings!$B$3,IF($I27<$H27,Settings!$B$4,Settings!$B$5))))) -> 3 | L27: =IF($G27="Cancelled",0,IF(OR($H27="", $I27=""),0,1)) -> 1 | M27: =IF($L27=0,"",IF($H27>$I27,1,0)) -> 0 | N27: =IF($L27=0,"",IF($H27=$I27,1,0)) -> 0 | O27: =IF($L27=0,"",IF($H27<$I27,1,0)) -> 1 | P27: =IF($L27=0,"",IF($I27>$H27,1,0)) -> 1 | Q27: =IF($L27=0,"",IF($I27=$H27,1,0)) -> 0 | R27: =IF($L27=0,"",IF($I27<$H27,1,0)) -> 0 | S27: =IF($L27=0,"",IF($H27>$I27,$C27,IF($H27<$I27,$D27,"Draw"))) -> ANIFE | U27: =IF($L27=0,"",$H27-$I27) -> -2 | V27: =IF($L27=0,"",$I27-$H27) -> 2 | W27: =IF($L27=0,"",$I27-$H27) -> 2 | X27: =IF($L27=0,"",$H27-$I27) -> -2
... A39: 37 | B39: 46046 | C39: ANIFE | D39: BRIGHT | E39: 6 | F39: 3 | G39: Played | H39: =IF($G39="Walkover_Home",Settings!$B$10,IF($G39="Walkover_Away",Settings!$B$11,IF($G39="Cancelled","",IF($E39="","",$E39)))) -> 6 | I39: =IF($G39="Walkover_Home",Settings!$B$11,IF($G39="Walkover_Away",Settings!$B$10,IF($G39="Cancelled","",IF($F39="","",$F39)))) -> 3 | J39: =IF($L39=0,"",IF($G39="Walkover_Home",Settings!$B$7,IF($G39="Walkover_Away",Settings!$B$8,IF($H39>$I39,Settings!$B$3,IF($H39<$I39,Settings!$B$4,Settings!$B$5))))) -> 3 | K39: =IF($L39=0,"",IF($G39="Walkover_Home",Settings!$B$8,IF($G39="Walkover_Away",Settings!$B$7,IF($I39>$H39,Settings!$B$3,IF($I39<$H39,Settings!$B$4,Settings!$B$5))))) -> 0 | L39: =IF($G39="Cancelled",0,IF(OR($H39="", $I39=""),0,1)) -> 1 | M39: =IF($L39=0,"",IF($H39>$I39,1,0)) -> 1 | N39: =IF($L39=0,"",IF($H39=$I39,1,0)) -> 0 | O39: =IF($L39=0,"",IF($H39<$I39,1,0)) -> 0 | P39: =IF($L39=0,"",IF($I39>$H39,1,0)) -> 0 | Q39: =IF($L39=0,"",IF($I39=$H39,1,0)) -> 0 | R39: =IF($L39=0,"",IF($I39<$H39,1,0)) -> 1 | S39: =IF($L39=0,"",IF($H39>$I39,$C39,IF($H39<$I39,$D39,"Draw"))) -> ANIFE | U39: =IF($L39=0,"",$H39-$I39) -> 3 | V39: =IF($L39=0,"",$I39-$H39) -> -3 | W39: =IF($L39=0,"",$I39-$H39) -> -3 | X39: =IF($L39=0,"",$H39-$I39) -> 3
A40: 38 | B40: 46046 | C40: SIMPLYY UZO | D40: KAYKAY | G40: Walkover_Away | H40: =IF($G40="Walkover_Home",Settings!$B$10,IF($G40="Walkover_Away",Settings!$B$11,IF($G40="Cancelled","",IF($E40="","",$E40)))) -> 0 | I40: =IF($G40="Walkover_Home",Settings!$B$11,IF($G40="Walkover_Away",Settings!$B$10,IF($G40="Cancelled","",IF($F40="","",$F40)))) -> 3 | J40: =IF($L40=0,"",IF($G40="Walkover_Home",Settings!$B$7,IF($G40="Walkover_Away",Settings!$B$8,IF($H40>$I40,Settings!$B$3,IF($H40<$I40,Settings!$B$4,Settings!$B$5))))) -> 0 | K40: =IF($L40=0,"",IF($G40="Walkover_Home",Settings!$B$8,IF($G40="Walkover_Away",Settings!$B$7,IF($I40>$H40,Settings!$B$3,IF($I40<$H40,Settings!$B$4,Settings!$B$5))))) -> 3 | L40: =IF($G40="Cancelled",0,IF(OR($H40="", $I40=""),0,1)) -> 1 | M40: =IF($L40=0,"",IF($H40>$I40,1,0)) -> 0 | N40: =IF($L40=0,"",IF($H40=$I40,1,0)) -> 0 | O40: =IF($L40=0,"",IF($H40<$I40,1,0)) -> 1 | P40: =IF($L40=0,"",IF($I40>$H40,1,0)) -> 1 | Q40: =IF($L40=0,"",IF($I40=$H40,1,0)) -> 0 | R40: =IF($L40=0,"",IF($I40<$H40,1,0)) -> 0 | S40: =IF($L40=0,"",IF($H40>$I40,$C40,IF($H40<$I40,$D40,"Draw"))) -> KAYKAY | U40: =IF($L40=0,"",$H40-$I40) -> -3 | V40: =IF($L40=0,"",$I40-$H40) -> 3 | W40: =IF($L40=0,"",$I40-$H40) -> 3 | X40: =IF($L40=0,"",$H40-$I40) -> -3
A41: 39 | B41: 46046 | C41: KHALEEDOY | D41: SON OF GOD | E41: 6 | F41: 6 | G41: Played | H41: =IF($G41="Walkover_Home",Settings!$B$10,IF($G41="Walkover_Away",Settings!$B$11,IF($G41="Cancelled","",IF($E41="","",$E41)))) -> 6 | I41: =IF($G41="Walkover_Home",Settings!$B$11,IF($G41="Walkover_Away",Settings!$B$10,IF($G41="Cancelled","",IF($F41="","",$F41)))) -> 6 | J41: =IF($L41=0,"",IF($G41="Walkover_Home",Settings!$B$7,IF($G41="Walkover_Away",Settings!$B$8,IF($H41>$I41,Settings!$B$3,IF($H41<$I41,Settings!$B$4,Settings!$B$5))))) -> 1 | K41: =IF($L41=0,"",IF($G41="Walkover_Home",Settings!$B$8,IF($G41="Walkover_Away",Settings!$B$7,IF($I41>$H41,Settings!$B$3,IF($I41<$H41,Settings!$B$4,Settings!$B$5))))) -> 1 | L41: =IF($G41="Cancelled",0,IF(OR($H41="", $I41=""),0,1)) -> 1 | M41: =IF($L41=0,"",IF($H41>$I41,1,0)) -> 0 | N41: =IF($L41=0,"",IF($H41=$I41,1,0)) -> 1 | O41: =IF($L41=0,"",IF($H41<$I41,1,0)) -> 0 | P41: =IF($L41=0,"",IF($I41>$H41,1,0)) -> 0 | Q41: =IF($L41=0,"",IF($I41=$H41,1,0)) -> 1 | R41: =IF($L41=0,"",IF($I41<$H41,1,0)) -> 0 | S41: =IF($L41=0,"",IF($H41>$I41,$C41,IF($H41<$I41,$D41,"Draw"))) -> Draw | U41: =IF($L41=0,"",$H41-$I41) -> 0 | V41: =IF($L41=0,"",$I41-$H41) -> 0 | W41: =IF($L41=0,"",$I41-$H41) -> 0 | X41: =IF($L41=0,"",$H41-$I41) -> 0
A42: 40 | B42: 46046 | C42: YEMOLEE | D42: FLICK | E42: 4 | F42: 4 | G42: Played | H42: =IF($G42="Walkover_Home",Settings!$B$10,IF($G42="Walkover_Away",Settings!$B$11,IF($G42="Cancelled","",IF($E42="","",$E42)))) -> 4 | I42: =IF($G42="Walkover_Home",Settings!$B$11,IF($G42="Walkover_Away",Settings!$B$10,IF($G42="Cancelled","",IF($F42="","",$F42)))) -> 4 | J42: =IF($L42=0,"",IF($G42="Walkover_Home",Settings!$B$7,IF($G42="Walkover_Away",Settings!$B$8,IF($H42>$I42,Settings!$B$3,IF($H42<$I42,Settings!$B$4,Settings!$B$5))))) -> 1 | K42: =IF($L42=0,"",IF($G42="Walkover_Home",Settings!$B$8,IF($G42="Walkover_Away",Settings!$B$7,IF($I42>$H42,Settings!$B$3,IF($I42<$H42,Settings!$B$4,Settings!$B$5))))) -> 1 | L42: =IF($G42="Cancelled",0,IF(OR($H42="", $I42=""),0,1)) -> 1 | M42: =IF($L42=0,"",IF($H42>$I42,1,0)) -> 0 | N42: =IF($L42=0,"",IF($H42=$I42,1,0)) -> 1 | O42: =IF($L42=0,"",IF($H42<$I42,1,0)) -> 0 | P42: =IF($L42=0,"",IF($I42>$H42,1,0)) -> 0 | Q42: =IF($L42=0,"",IF($I42=$H42,1,0)) -> 1 | R42: =IF($L42=0,"",IF($I42<$H42,1,0)) -> 0 | S42: =IF($L42=0,"",IF($H42>$I42,$C42,IF($H42<$I42,$D42,"Draw"))) -> Draw | U42: =IF($L42=0,"",$H42-$I42) -> 0 | V42: =IF($L42=0,"",$I42-$H42) -> 0 | W42: =IF($L42=0,"",$I42-$H42) -> 0 | X42: =IF($L42=0,"",$H42-$I42) -> 0
A43: 41 | B43: 46047 | C43: RHYMEZ | D43: GAMEWITHJOSH | E43: 3 | F43: 5 | G43: Played | H43: =IF($G43="Walkover_Home",Settings!$B$10,IF($G43="Walkover_Away",Settings!$B$11,IF($G43="Cancelled","",IF($E43="","",$E43)))) -> 3 | I43: =IF($G43="Walkover_Home",Settings!$B$11,IF($G43="Walkover_Away",Settings!$B$10,IF($G43="Cancelled","",IF($F43="","",$F43)))) -> 5 | J43: =IF($L43=0,"",IF($G43="Walkover_Home",Settings!$B$7,IF($G43="Walkover_Away",Settings!$B$8,IF($H43>$I43,Settings!$B$3,IF($H43<$I43,Settings!$B$4,Settings!$B$5))))) -> 0 | K43: =IF($L43=0,"",IF($G43="Walkover_Home",Settings!$B$8,IF($G43="Walkover_Away",Settings!$B$7,IF($I43>$H43,Settings!$B$3,IF($I43<$H43,Settings!$B$4,Settings!$B$5))))) -> 3 | L43: =IF($G43="Cancelled",0,IF(OR($H43="", $I43=""),0,1)) -> 1 | M43: =IF($L43=0,"",IF($H43>$I43,1,0)) -> 0 | N43: =IF($L43=0,"",IF($H43=$I43,1,0)) -> 0 | O43: =IF($L43=0,"",IF($H43<$I43,1,0)) -> 1 | P43: =IF($L43=0,"",IF($I43>$H43,1,0)) -> 1 | Q43: =IF($L43=0,"",IF($I43=$H43,1,0)) -> 0 | R43: =IF($L43=0,"",IF($I43<$H43,1,0)) -> 0 | S43: =IF($L43=0,"",IF($H43>$I43,$C43,IF($H43<$I43,$D43,"Draw"))) -> GAMEWITHJOSH | U43: =IF($L43=0,"",$H43-$I43) -> -2 | V43: =IF($L43=0,"",$I43-$H43) -> 2 | W43: =IF($L43=0,"",$I43-$H43) -> 2 | X43: =IF($L43=0,"",$H43-$I43) -> -2
A44: 42 | B44: 46047 | C44: SIMPLYY UZO | D44: MR OGA | E44: 3 | F44: 6 | G44: Played | H44: =IF($G44="Walkover_Home",Settings!$B$10,IF($G44="Walkover_Away",Settings!$B$11,IF($G44="Cancelled","",IF($E44="","",$E44)))) -> 3 | I44: =IF($G44="Walkover_Home",Settings!$B$11,IF($G44="Walkover_Away",Settings!$B$10,IF($G44="Cancelled","",IF($F44="","",$F44)))) -> 6 | J44: =IF($L44=0,"",IF($G44="Walkover_Home",Settings!$B$7,IF($G44="Walkover_Away",Settings!$B$8,IF($H44>$I44,Settings!$B$3,IF($H44<$I44,Settings!$B$4,Settings!$B$5))))) -> 0 | K44: =IF($L44=0,"",IF($G44="Walkover_Home",Settings!$B$8,IF($G44="Walkover_Away",Settings!$B$7,IF($I44>$H44,Settings!$B$3,IF($I44<$H44,Settings!$B$4,Settings!$B$5))))) -> 3 | L44: =IF($G44="Cancelled",0,IF(OR($H44="", $I44=""),0,1)) -> 1 | M44: =IF($L44=0,"",IF($H44>$I44,1,0)) -> 0 | N44: =IF($L44=0,"",IF($H44=$I44,1,0)) -> 0 | O44: =IF($L44=0,"",IF($H44<$I44,1,0)) -> 1 | P44: =IF($L44=0,"",IF($I44>$H44,1,0)) -> 1 | Q44: =IF($L44=0,"",IF($I44=$H44,1,0)) -> 0 | R44: =IF($L44=0,"",IF($I44<$H44,1,0)) -> 0 | S44: =IF($L44=0,"",IF($H44>$I44,$C44,IF($H44<$I44,$D44,"Draw"))) -> MR OGA | U44: =IF($L44=0,"",$H44-$I44) -> -3 | V44: =IF($L44=0,"",$I44-$H44) -> 3 | W44: =IF($L44=0,"",$I44-$H44) -> 3 | X44: =IF($L44=0,"",$H44-$I44) -> -3
A45: 43 | B45: 46047 | C45: YEMOLEE | D45: DADABOI | E45: 7 | F45: 3 | G45: Played | H45: =IF($G45="Walkover_Home",Settings!$B$10,IF($G45="Walkover_Away",Settings!$B$11,IF($G45="Cancelled","",IF($E45="","",$E45)))) -> 7 | I45: =IF($G45="Walkover_Home",Settings!$B$11,IF($G45="Walkover_Away",Settings!$B$10,IF($G45="Cancelled","",IF($F45="","",$F45)))) -> 3 | J45: =IF($L45=0,"",IF($G45="Walkover_Home",Settings!$B$7,IF($G45="Walkover_Away",Settings!$B$8,IF($H45>$I45,Settings!$B$3,IF($H45<$I45,Settings!$B$4,Settings!$B$5))))) -> 3 | K45: =IF($L45=0,"",IF($G45="Walkover_Home",Settings!$B$8,IF($G45="Walkover_Away",Settings!$B$7,IF($I45>$H45,Settings!$B$3,IF($I45<$H45,Settings!$B$4,Settings!$B$5))))) -> 0 | L45: =IF($G45="Cancelled",0,IF(OR($H45="", $I45=""),0,1)) -> 1 | M45: =IF($L45=0,"",IF($H45>$I45,1,0)) -> 1 | N45: =IF($L45=0,"",IF($H45=$I45,1,0)) -> 0 | O45: =IF($L45=0,"",IF($H45<$I45,1,0)) -> 0 | P45: =IF($L45=0,"",IF($I45>$H45,1,0)) -> 0 | Q45: =IF($L45=0,"",IF($I45=$H45,1,0)) -> 0 | R45: =IF($L45=0,"",IF($I45<$H45,1,0)) -> 1 | S45: =IF($L45=0,"",IF($H45>$I45,$C45,IF($H45<$I45,$D45,"Draw"))) -> YEMOLEE | U45: =IF($L45=0,"",$H45-$I45) -> 4 | V45: =IF($L45=0,"",$I45-$H45) -> -4 | W45: =IF($L45=0,"",$I45-$H45) -> -4 | X45: =IF($L45=0,"",$H45-$I45) -> 4
A46: 44 | B46: 46047 | C46: KAYKAY | D46: BRIGHT | E46: 6 | F46: 3 | G46: Played | H46: =IF($G46="Walkover_Home",Settings!$B$10,IF($G46="Walkover_Away",Settings!$B$11,IF($G46="Cancelled","",IF($E46="","",$E46)))) -> 6 | I46: =IF($G46="Walkover_Home",Settings!$B$11,IF($G46="Walkover_Away",Settings!$B$10,IF($G46="Cancelled","",IF($F46="","",$F46)))) -> 3 | J46: =IF($L46=0,"",IF($G46="Walkover_Home",Settings!$B$7,IF($G46="Walkover_Away",Settings!$B$8,IF($H46>$I46,Settings!$B$3,IF($H46<$I46,Settings!$B$4,Settings!$B$5))))) -> 3 | K46: =IF($L46=0,"",IF($G46="Walkover_Home",Settings!$B$8,IF($G46="Walkover_Away",Settings!$B$7,IF($I46>$H46,Settings!$B$3,IF($I46<$H46,Settings!$B$4,Settings!$B$5))))) -> 0 | L46: =IF($G46="Cancelled",0,IF(OR($H46="", $I46=""),0,1)) -> 1 | M46: =IF($L46=0,"",IF($H46>$I46,1,0)) -> 1 | N46: =IF($L46=0,"",IF($H46=$I46,1,0)) -> 0 | O46: =IF($L46=0,"",IF($H46<$I46,1,0)) -> 0 | P46: =IF($L46=0,"",IF($I46>$H46,1,0)) -> 0 | Q46: =IF($L46=0,"",IF($I46=$H46,1,0)) -> 0 | R46: =IF($L46=0,"",IF($I46<$H46,1,0)) -> 1 | S46: =IF($L46=0,"",IF($H46>$I46,$C46,IF($H46<$I46,$D46,"Draw"))) -> KAYKAY | U46: =IF($L46=0,"",$H46-$I46) -> 3 | V46: =IF($L46=0,"",$I46-$H46) -> -3 | W46: =IF($L46=0,"",$I46-$H46) -> -3 | X46: =IF($L46=0,"",$H46-$I46) -> 3
A47: 45 | B47: 46047 | C47: GAMEWITHJOSH | D47: SON OF GOD | E47: 4 | F47: 2 | G47: Played | H47: =IF($G47="Walkover_Home",Settings!$B$10,IF($G47="Walkover_Away",Settings!$B$11,IF($G47="Cancelled","",IF($E47="","",$E47)))) -> 4 | I47: =IF($G47="Walkover_Home",Settings!$B$11,IF($G47="Walkover_Away",Settings!$B$10,IF($G47="Cancelled","",IF($F47="","",$F47)))) -> 2 | J47: =IF($L47=0,"",IF($G47="Walkover_Home",Settings!$B$7,IF($G47="Walkover_Away",Settings!$B$8,IF($H47>$I47,Settings!$B$3,IF($H47<$I47,Settings!$B$4,Settings!$B$5))))) -> 3 | K47: =IF($L47=0,"",IF($G47="Walkover_Home",Settings!$B$8,IF($G47="Walkover_Away",Settings!$B$7,IF($I47>$H47,Settings!$B$3,IF($I47<$H47,Settings!$B$4,Settings!$B$5))))) -> 0 | L47: =IF($G47="Cancelled",0,IF(OR($H47="", $I47=""),0,1)) -> 1 | M47: =IF($L47=0,"",IF($H47>$I47,1,0)) -> 1 | N47: =IF($L47=0,"",IF($H47=$I47,1,0)) -> 0 | O47: =IF($L47=0,"",IF($H47<$I47,1,0)) -> 0 | P47: =IF($L47=0,"",IF($I47>$H47,1,0)) -> 0 | Q47: =IF($L47=0,"",IF($I47=$H47,1,0)) -> 0 | R47: =IF($L47=0,"",IF($I47<$H47,1,0)) -> 1 | S47: =IF($L47=0,"",IF($H47>$I47,$C47,IF($H47<$I47,$D47,"Draw"))) -> GAMEWITHJOSH | U47: =IF($L47=0,"",$H47-$I47) -> 2 | V47: =IF($L47=0,"",$I47-$H47) -> -2 | W47: =IF($L47=0,"",$I47-$H47) -> -2 | X47: =IF($L47=0,"",$H47-$I47) -> 2
A48: 46 | B48: 46047 | C48: RHYMEZ | D48: BRIGHT | E48: 5 | F48: 2 | G48: Played | H48: =IF($G48="Walkover_Home",Settings!$B$10,IF($G48="Walkover_Away",Settings!$B$11,IF($G48="Cancelled","",IF($E48="","",$E48)))) -> 5 | I48: =IF($G48="Walkover_Home",Settings!$B$11,IF($G48="Walkover_Away",Settings!$B$10,IF($G48="Cancelled","",IF($F48="","",$F48)))) -> 2 | J48: =IF($L48=0,"",IF($G48="Walkover_Home",Settings!$B$7,IF($G48="Walkover_Away",Settings!$B$8,IF($H48>$I48,Settings!$B$3,IF($H48<$I48,Settings!$B$4,Settings!$B$5))))) -> 3 | K48: =IF($L48=0,"",IF($G48="Walkover_Home",Settings!$B$8,IF($G48="Walkover_Away",Settings!$B$7,IF($I48>$H48,Settings!$B$3,IF($I48<$H48,Settings!$B$4,Settings!$B$5))))) -> 0 | L48: =IF($G48="Cancelled",0,IF(OR($H48="", $I48=""),0,1)) -> 1 | M48: =IF($L48=0,"",IF($H48>$I48,1,0)) -> 1 | N48: =IF($L48=0,"",IF($H48=$I48,1,0)) -> 0 | O48: =IF($L48=0,"",IF($H48<$I48,1,0)) -> 0 | P48: =IF($L48=0,"",IF($I48>$H48,1,0)) -> 0 | Q48: =IF($L48=0,"",IF($I48=$H48,1,0)) -> 0 | R48: =IF($L48=0,"",IF($I48<$H48,1,0)) -> 1 | S48: =IF($L48=0,"",IF($H48>$I48,$C48,IF($H48<$I48,$D48,"Draw"))) -> RHYMEZ | U48: =IF($L48=0,"",$H48-$I48) -> 3 | V48: =IF($L48=0,"",$I48-$H48) -> -3 | W48: =IF($L48=0,"",$I48-$H48) -> -3 | X48: =IF($L48=0,"",$H48-$I48) -> 3
A49: 47 | B49: 46047 | C49: GURU | D49: DRACARYS | E49: 6 | F49: 1 | G49: Played | H49: =IF($G49="Walkover_Home",Settings!$B$10,IF($G49="Walkover_Away",Settings!$B$11,IF($G49="Cancelled","",IF($E49="","",$E49)))) -> 6 | I49: =IF($G49="Walkover_Home",Settings!$B$11,IF($G49="Walkover_Away",Settings!$B$10,IF($G49="Cancelled","",IF($F49="","",$F49)))) -> 1 | J49: =IF($L49=0,"",IF($G49="Walkover_Home",Settings!$B$7,IF($G49="Walkover_Away",Settings!$B$8,IF($H49>$I49,Settings!$B$3,IF($H49<$I49,Settings!$B$4,Settings!$B$5))))) -> 3 | K49: =IF($L49=0,"",IF($G49="Walkover_Home",Settings!$B$8,IF($G49="Walkover_Away",Settings!$B$7,IF($I49>$H49,Settings!$B$3,IF($I49<$H49,Settings!$B$4,Settings!$B$5))))) -> 0 | L49: =IF($G49="Cancelled",0,IF(OR($H49="", $I49=""),0,1)) -> 1 | M49: =IF($L49=0,"",IF($H49>$I49,1,0)) -> 1 | N49: =IF($L49=0,"",IF($H49=$I49,1,0)) -> 0 | O49: =IF($L49=0,"",IF($H49<$I49,1,0)) -> 0 | P49: =IF($L49=0,"",IF($I49>$H49,1,0)) -> 0 | Q49: =IF($L49=0,"",IF($I49=$H49,1,0)) -> 0 | R49: =IF($L49=0,"",IF($I49<$H49,1,0)) -> 1 | S49: =IF($L49=0,"",IF($H49>$I49,$C49,IF($H49<$I49,$D49,"Draw"))) -> GURU | U49: =IF($L49=0,"",$H49-$I49) -> 5 | V49: =IF($L49=0,"",$I49-$H49) -> -5 | W49: =IF($L49=0,"",$I49-$H49) -> -5 | X49: =IF($L49=0,"",$H49-$I49) -> 5
A50: 48 | B50: 46047 | C50: BALO K | D50: SON OF GOD | E50: 3 | F50: 5 | G50: Played | H50: =IF($G50="Walkover_Home",Settings!$B$10,IF($G50="Walkover_Away",Settings!$B$11,IF($G50="Cancelled","",IF($E50="","",$E50)))) -> 3 | I50: =IF($G50="Walkover_Home",Settings!$B$11,IF($G50="Walkover_Away",Settings!$B$10,IF($G50="Cancelled","",IF($F50="","",$F50)))) -> 5 | J50: =IF($L50=0,"",IF($G50="Walkover_Home",Settings!$B$7,IF($G50="Walkover_Away",Settings!$B$8,IF($H50>$I50,Settings!$B$3,IF($H50<$I50,Settings!$B$4,Settings!$B$5))))) -> 0 | K50: =IF($L50=0,"",IF($G50="Walkover_Home",Settings!$B$8,IF($G50="Walkover_Away",Settings!$B$7,IF($I50>$H50,Settings!$B$3,IF($I50<$H50,Settings!$B$4,Settings!$B$5))))) -> 3 | L50: =IF($G50="Cancelled",0,IF(OR($H50="", $I50=""),0,1)) -> 1 | M50: =IF($L50=0,"",IF($H50>$I50,1,0)) -> 0 | N50: =IF($L50=0,"",IF($H50=$I50,1,0)) -> 0 | O50: =IF($L50=0,"",IF($H50<$I50,1,0)) -> 1 | P50: =IF($L50=0,"",IF($I50>$H50,1,0)) -> 1 | Q50: =IF($L50=0,"",IF($I50=$H50,1,0)) -> 0 | R50: =IF($L50=0,"",IF($I50<$H50,1,0)) -> 0 | S50: =IF($L50=0,"",IF($H50>$I50,$C50,IF($H50<$I50,$D50,"Draw"))) -> SON OF GOD | U50: =IF($L50=0,"",$H50-$I50) -> -2 | V50: =IF($L50=0,"",$I50-$H50) -> 2 | W50: =IF($L50=0,"",$I50-$H50) -> 2 | X50: =IF($L50=0,"",$H50-$I50) -> -2
A51: 49 | B51: 46047 | C51: BAJI SNR | D51: WOLEVATION | G51: Walkover_Away | H51: =IF($G51="Walkover_Home",Settings!$B$10,IF($G51="Walkover_Away",Settings!$B$11,IF($G51="Cancelled","",IF($E51="","",$E51)))) -> 0 | I51: =IF($G51="Walkover_Home",Settings!$B$11,IF($G51="Walkover_Away",Settings!$B$10,IF($G51="Cancelled","",IF($F51="","",$F51)))) -> 3 | J51: =IF($L51=0,"",IF($G51="Walkover_Home",Settings!$B$7,IF($G51="Walkover_Away",Settings!$B$8,IF($H51>$I51,Settings!$B$3,IF($H51<$I51,Settings!$B$4,Settings!$B$5))))) -> 0 | K51: =IF($L51=0,"",IF($G51="Walkover_Home",Settings!$B$8,IF($G51="Walkover_Away",Settings!$B$7,IF($I51>$H51,Settings!$B$3,IF($I51<$H51,Settings!$B$4,Settings!$B$5))))) -> 3 | L51: =IF($G51="Cancelled",0,IF(OR($H51="", $I51=""),0,1)) -> 1 | M51: =IF($L51=0,"",IF($H51>$I51,1,0)) -> 0 | N51: =IF($L51=0,"",IF($H51=$I51,1,0)) -> 0 | O51: =IF($L51=0,"",IF($H51<$I51,1,0)) -> 1 | P51: =IF($L51=0,"",IF($I51>$H51,1,0)) -> 1 | Q51: =IF($L51=0,"",IF($I51=$H51,1,0)) -> 0 | R51: =IF($L51=0,"",IF($I51<$H51,1,0)) -> 0 | S51: =IF($L51=0,"",IF($H51>$I51,$C51,IF($H51<$I51,$D51,"Draw"))) -> WOLEVATION | U51: =IF($L51=0,"",$H51-$I51) -> -3 | V51: =IF($L51=0,"",$I51-$H51) -> 3 | W51: =IF($L51=0,"",$I51-$H51) -> 3 | X51: =IF($L51=0,"",$H51-$I51) -> -3
A52: 50 | B52: 46047 | C52: BAJI SNR | D52: MR OGA | G52: Walkover_Away | H52: =IF($G52="Walkover_Home",Settings!$B$10,IF($G52="Walkover_Away",Settings!$B$11,IF($G52="Cancelled","",IF($E52="","",$E52)))) -> 0 | I52: =IF($G52="Walkover_Home",Settings!$B$11,IF($G52="Walkover_Away",Settings!$B$10,IF($G52="Cancelled","",IF($F52="","",$F52)))) -> 3 | J52: =IF($L52=0,"",IF($G52="Walkover_Home",Settings!$B$7,IF($G52="Walkover_Away",Settings!$B$8,IF($H52>$I52,Settings!$B$3,IF($H52<$I52,Settings!$B$4,Settings!$B$5))))) -> 0 | K52: =IF($L52=0,"",IF($G52="Walkover_Home",Settings!$B$8,IF($G52="Walkover_Away",Settings!$B$7,IF($I52>$H52,Settings!$B$3,IF($I52<$H52,Settings!$B$4,Settings!$B$5))))) -> 3 | L52: =IF($G52="Cancelled",0,IF(OR($H52="", $I52=""),0,1)) -> 1 | M52: =IF($L52=0,"",IF($H52>$I52,1,0)) -> 0 | N52: =IF($L52=0,"",IF($H52=$I52,1,0)) -> 0 | O52: =IF($L52=0,"",IF($H52<$I52,1,0)) -> 1 | P52: =IF($L52=0,"",IF($I52>$H52,1,0)) -> 1 | Q52: =IF($L52=0,"",IF($I52=$H52,1,0)) -> 0 | R52: =IF($L52=0,"",IF($I52<$H52,1,0)) -> 0 | S52: =IF($L52=0,"",IF($H52>$I52,$C52,IF($H52<$I52,$D52,"Draw"))) -> MR OGA | U52: =IF($L52=0,"",$H52-$I52) -> -3 | V52: =IF($L52=0,"",$I52-$H52) -> 3 | W52: =IF($L52=0,"",$I52-$H52) -> 3 | X52: =IF($L52=0,"",$H52-$I52) -> -3
A53: 51 | B53: 46047 | C53: TACTICAL | D53: KINGNONEX | E53: 4 | F53: 3 | G53: Played | H53: =IF($G53="Walkover_Home",Settings!$B$10,IF($G53="Walkover_Away",Settings!$B$11,IF($G53="Cancelled","",IF($E53="","",$E53)))) -> 4 | I53: =IF($G53="Walkover_Home",Settings!$B$11,IF($G53="Walkover_Away",Settings!$B$10,IF($G53="Cancelled","",IF($F53="","",$F53)))) -> 3 | J53: =IF($L53=0,"",IF($G53="Walkover_Home",Settings!$B$7,IF($G53="Walkover_Away",Settings!$B$8,IF($H53>$I53,Settings!$B$3,IF($H53<$I53,Settings!$B$4,Settings!$B$5))))) -> 3 | K53: =IF($L53=0,"",IF($G53="Walkover_Home",Settings!$B$8,IF($G53="Walkover_Away",Settings!$B$7,IF($I53>$H53,Settings!$B$3,IF($I53<$H53,Settings!$B$4,Settings!$B$5))))) -> 0 | L53: =IF($G53="Cancelled",0,IF(OR($H53="", $I53=""),0,1)) -> 1 | M53: =IF($L53=0,"",IF($H53>$I53,1,0)) -> 1 | N53: =IF($L53=0,"",IF($H53=$I53,1,0)) -> 0 | O53: =IF($L53=0,"",IF($H53<$I53,1,0)) -> 0 | P53: =IF($L53=0,"",IF($I53>$H53,1,0)) -> 0 | Q53: =IF($L53=0,"",IF($I53=$H53,1,0)) -> 0 | R53: =IF($L53=0,"",IF($I53<$H53,1,0)) -> 1 | S53: =IF($L53=0,"",IF($H53>$I53,$C53,IF($H53<$I53,$D53,"Draw"))) -> TACTICAL | U53: =IF($L53=0,"",$H53-$I53) -> 1 | V53: =IF($L53=0,"",$I53-$H53) -> -1 | W53: =IF($L53=0,"",$I53-$H53) -> -1 | X53: =IF($L53=0,"",$H53-$I53) -> 1
A54: 52 | B54: 46047 | C54: KHALEEDOY | D54: FLICK | E54: 10 | F54: 2 | G54: Played | H54: =IF($G54="Walkover_Home",Settings!$B$10,IF($G54="Walkover_Away",Settings!$B$11,IF($G54="Cancelled","",IF($E54="","",$E54)))) -> 10 | I54: =IF($G54="Walkover_Home",Settings!$B$11,IF($G54="Walkover_Away",Settings!$B$10,IF($G54="Cancelled","",IF($F54="","",$F54)))) -> 2 | J54: =IF($L54=0,"",IF($G54="Walkover_Home",Settings!$B$7,IF($G54="Walkover_Away",Settings!$B$8,IF($H54>$I54,Settings!$B$3,IF($H54<$I54,Settings!$B$4,Settings!$B$5))))) -> 3 | K54: =IF($L54=0,"",IF($G54="Walkover_Home",Settings!$B$8,IF($G54="Walkover_Away",Settings!$B$7,IF($I54>$H54,Settings!$B$3,IF($I54<$H54,Settings!$B$4,Settings!$B$5))))) -> 0 | L54: =IF($G54="Cancelled",0,IF(OR($H54="", $I54=""),0,1)) -> 1 | M54: =IF($L54=0,"",IF($H54>$I54,1,0)) -> 1 | N54: =IF($L54=0,"",IF($H54=$I54,1,0)) -> 0 | O54: =IF($L54=0,"",IF($H54<$I54,1,0)) -> 0 | P54: =IF($L54=0,"",IF($I54>$H54,1,0)) -> 0 | Q54: =IF($L54=0,"",IF($I54=$H54,1,0)) -> 0 | R54: =IF($L54=0,"",IF($I54<$H54,1,0)) -> 1 | S54: =IF($L54=0,"",IF($H54>$I54,$C54,IF($H54<$I54,$D54,"Draw"))) -> KHALEEDOY | U54: =IF($L54=0,"",$H54-$I54) -> 8 | V54: =IF($L54=0,"",$I54-$H54) -> -8 | W54: =IF($L54=0,"",$I54-$H54) -> -8 | X54: =IF($L54=0,"",$H54-$I54) -> 8
A55: 53 | B55: 46055 | C55: MR OGA | D55: BLAISE99 | E55: 6 | F55: 5 | G55: Played | H55: =IF($G55="Walkover_Home",Settings!$B$10,IF($G55="Walkover_Away",Settings!$B$11,IF($G55="Cancelled","",IF($E55="","",$E55)))) -> 6 | I55: =IF($G55="Walkover_Home",Settings!$B$11,IF($G55="Walkover_Away",Settings!$B$10,IF($G55="Cancelled","",IF($F55="","",$F55)))) -> 5 | J55: =IF($L55=0,"",IF($G55="Walkover_Home",Settings!$B$7,IF($G55="Walkover_Away",Settings!$B$8,IF($H55>$I55,Settings!$B$3,IF($H55<$I55,Settings!$B$4,Settings!$B$5))))) -> 3 | K55: =IF($L55=0,"",IF($G55="Walkover_Home",Settings!$B$8,IF($G55="Walkover_Away",Settings!$B$7,IF($I55>$H55,Settings!$B$3,IF($I55<$H55,Settings!$B$4,Settings!$B$5))))) -> 0 | L55: =IF($G55="Cancelled",0,IF(OR($H55="", $I55=""),0,1)) -> 1 | M55: =IF($L55=0,"",IF($H55>$I55,1,0)) -> 1 | N55: =IF($L55=0,"",IF($H55=$I55,1,0)) -> 0 | O55: =IF($L55=0,"",IF($H55<$I55,1,0)) -> 0 | P55: =IF($L55=0,"",IF($I55>$H55,1,0)) -> 0 | Q55: =IF($L55=0,"",IF($I55=$H55,1,0)) -> 0 | R55: =IF($L55=0,"",IF($I55<$H55,1,0)) -> 1 | S55: =IF($L55=0,"",IF($H55>$I55,$C55,IF($H55<$I55,$D55,"Draw"))) -> MR OGA | U55: =IF($L55=0,"",$H55-$I55) -> 1 | V55: =IF($L55=0,"",$I55-$H55) -> -1 | W55: =IF($L55=0,"",$I55-$H55) -> -1 | X55: =IF($L55=0,"",$H55-$I55) -> 1
A56: 54 | B56: 46055 | C56: TACTICAL | D56: KHALEEDOY | E56: 4 | F56: 3 | G56: Played | H56: =IF($G56="Walkover_Home",Settings!$B$10,IF($G56="Walkover_Away",Settings!$B$11,IF($G56="Cancelled","",IF($E56="","",$E56)))) -> 4 | I56: =IF($G56="Walkover_Home",Settings!$B$11,IF($G56="Walkover_Away",Settings!$B$10,IF($G56="Cancelled","",IF($F56="","",$F56)))) -> 3 | J56: =IF($L56=0,"",IF($G56="Walkover_Home",Settings!$B$7,IF($G56="Walkover_Away",Settings!$B$8,IF($H56>$I56,Settings!$B$3,IF($H56<$I56,Settings!$B$4,Settings!$B$5))))) -> 3 | K56: =IF($L56=0,"",IF($G56="Walkover_Home",Settings!$B$8,IF($G56="Walkover_Away",Settings!$B$7,IF($I56>$H56,Settings!$B$3,IF($I56<$H56,Settings!$B$4,Settings!$B$5))))) -> 0 | L56: =IF($G56="Cancelled",0,IF(OR($H56="", $I56=""),0,1)) -> 1 | M56: =IF($L56=0,"",IF($H56>$I56,1,0)) -> 1 | N56: =IF($L56=0,"",IF($H56=$I56,1,0)) -> 0 | O56: =IF($L56=0,"",IF($H56<$I56,1,0)) -> 0 | P56: =IF($L56=0,"",IF($I56>$H56,1,0)) -> 0 | Q56: =IF($L56=0,"",IF($I56=$H56,1,0)) -> 0 | R56: =IF($L56=0,"",IF($I56<$H56,1,0)) -> 1 | S56: =IF($L56=0,"",IF($H56>$I56,$C56,IF($H56<$I56,$D56,"Draw"))) -> TACTICAL | U56: =IF($L56=0,"",$H56-$I56) -> 1 | V56: =IF($L56=0,"",$I56-$H56) -> -1 | W56: =IF($L56=0,"",$I56-$H56) -> -1 | X56: =IF($L56=0,"",$H56-$I56) -> 1
A57: 55 | B57: 46055 | C57: GURU | D57: YEMOLEE | E57: 3 | F57: 5 | G57: Played | H57: =IF($G57="Walkover_Home",Settings!$B$10,IF($G57="Walkover_Away",Settings!$B$11,IF($G57="Cancelled","",IF($E57="","",$E57)))) -> 3 | I57: =IF($G57="Walkover_Home",Settings!$B$11,IF($G57="Walkover_Away",Settings!$B$10,IF($G57="Cancelled","",IF($F57="","",$F57)))) -> 5 | J57: =IF($L57=0,"",IF($G57="Walkover_Home",Settings!$B$7,IF($G57="Walkover_Away",Settings!$B$8,IF($H57>$I57,Settings!$B$3,IF($H57<$I57,Settings!$B$4,Settings!$B$5))))) -> 0 | K57: =IF($L57=0,"",IF($G57="Walkover_Home",Settings!$B$8,IF($G57="Walkover_Away",Settings!$B$7,IF($I57>$H57,Settings!$B$3,IF($I57<$H57,Settings!$B$4,Settings!$B$5))))) -> 3 | L57: =IF($G57="Cancelled",0,IF(OR($H57="", $I57=""),0,1)) -> 1 | M57: =IF($L57=0,"",IF($H57>$I57,1,0)) -> 0 | N57: =IF($L57=0,"",IF($H57=$I57,1,0)) -> 0 | O57: =IF($L57=0,"",IF($H57<$I57,1,0)) -> 1 | P57: =IF($L57=0,"",IF($I57>$H57,1,0)) -> 1 | Q57: =IF($L57=0,"",IF($I57=$H57,1,0)) -> 0 | R57: =IF($L57=0,"",IF($I57<$H57,1,0)) -> 0 | S57: =IF($L57=0,"",IF($H57>$I57,$C57,IF($H57<$I57,$D57,"Draw"))) -> YEMOLEE | U57: =IF($L57=0,"",$H57-$I57) -> -2 | V57: =IF($L57=0,"",$I57-$H57) -> 2 | W57: =IF($L57=0,"",$I57-$H57) -> 2 | X57: =IF($L57=0,"",$H57-$I57) -> -2
A58: 56 | B58: 46055 | C58: ANIFE | D58: DADABOI | E58: 5 | F58: 6 | G58: Played | H58: =IF($G58="Walkover_Home",Settings!$B$10,IF($G58="Walkover_Away",Settings!$B$11,IF($G58="Cancelled","",IF($E58="","",$E58)))) -> 5 | I58: =IF($G58="Walkover_Home",Settings!$B$11,IF($G58="Walkover_Away",Settings!$B$10,IF($G58="Cancelled","",IF($F58="","",$F58)))) -> 6 | J58: =IF($L58=0,"",IF($G58="Walkover_Home",Settings!$B$7,IF($G58="Walkover_Away",Settings!$B$8,IF($H58>$I58,Settings!$B$3,IF($H58<$I58,Settings!$B$4,Settings!$B$5))))) -> 0 | K58: =IF($L58=0,"",IF($G58="Walkover_Home",Settings!$B$8,IF($G58="Walkover_Away",Settings!$B$7,IF($I58>$H58,Settings!$B$3,IF($I58<$H58,Settings!$B$4,Settings!$B$5))))) -> 3 | L58: =IF($G58="Cancelled",0,IF(OR($H58="", $I58=""),0,1)) -> 1 | M58: =IF($L58=0,"",IF($H58>$I58,1,0)) -> 0 | N58: =IF($L58=0,"",IF($H58=$I58,1,0)) -> 0 | O58: =IF($L58=0,"",IF($H58<$I58,1,0)) -> 1 | P58: =IF($L58=0,"",IF($I58>$H58,1,0)) -> 1 | Q58: =IF($L58=0,"",IF($I58=$H58,1,0)) -> 0 | R58: =IF($L58=0,"",IF($I58<$H58,1,0)) -> 0 | S58: =IF($L58=0,"",IF($H58>$I58,$C58,IF($H58<$I58,$D58,"Draw"))) -> DADABOI | U58: =IF($L58=0,"",$H58-$I58) -> -1 | V58: =IF($L58=0,"",$I58-$H58) -> 1 | W58: =IF($L58=0,"",$I58-$H58) -> 1 | X58: =IF($L58=0,"",$H58-$I58) -> -1
A59: 57 | B59: 46055 | C59: BAJI SNR | D59: DRACARYS | E59: 1 | F59: 4 | G59: Played | H59: =IF($G59="Walkover_Home",Settings!$B$10,IF($G59="Walkover_Away",Settings!$B$11,IF($G59="Cancelled","",IF($E59="","",$E59)))) -> 1 | I59: =IF($G59="Walkover_Home",Settings!$B$11,IF($G59="Walkover_Away",Settings!$B$10,IF($G59="Cancelled","",IF($F59="","",$F59)))) -> 4 | J59: =IF($L59=0,"",IF($G59="Walkover_Home",Settings!$B$7,IF($G59="Walkover_Away",Settings!$B$8,IF($H59>$I59,Settings!$B$3,IF($H59<$I59,Settings!$B$4,Settings!$B$5))))) -> 0 | K59: =IF($L59=0,"",IF($G59="Walkover_Home",Settings!$B$8,IF($G59="Walkover_Away",Settings!$B$7,IF($I59>$H59,Settings!$B$3,IF($I59<$H59,Settings!$B$4,Settings!$B$5))))) -> 3 | L59: =IF($G59="Cancelled",0,IF(OR($H59="", $I59=""),0,1)) -> 1 | M59: =IF($L59=0,"",IF($H59>$I59,1,0)) -> 0 | N59: =IF($L59=0,"",IF($H59=$I59,1,0)) -> 0 | O59: =IF($L59=0,"",IF($H59<$I59,1,0)) -> 1 | P59: =IF($L59=0,"",IF($I59>$H59,1,0)) -> 1 | Q59: =IF($L59=0,"",IF($I59=$H59,1,0)) -> 0 | R59: =IF($L59=0,"",IF($I59<$H59,1,0)) -> 0 | S59: =IF($L59=0,"",IF($H59>$I59,$C59,IF($H59<$I59,$D59,"Draw"))) -> DRACARYS | U59: =IF($L59=0,"",$H59-$I59) -> -3 | V59: =IF($L59=0,"",$I59-$H59) -> 3 | W59: =IF($L59=0,"",$I59-$H59) -> 3 | X59: =IF($L59=0,"",$H59-$I59) -> -3
A60: 58 | B60: 46055 | C60: RHYMEZ | D60: BLAISE99 | E60: 6 | F60: 2 | G60: Played | H60: =IF($G60="Walkover_Home",Settings!$B$10,IF($G60="Walkover_Away",Settings!$B$11,IF($G60="Cancelled","",IF($E60="","",$E60)))) -> 6 | I60: =IF($G60="Walkover_Home",Settings!$B$11,IF($G60="Walkover_Away",Settings!$B$10,IF($G60="Cancelled","",IF($F60="","",$F60)))) -> 2 | J60: =IF($L60=0,"",IF($G60="Walkover_Home",Settings!$B$7,IF($G60="Walkover_Away",Settings!$B$8,IF($H60>$I60,Settings!$B$3,IF($H60<$I60,Settings!$B$4,Settings!$B$5))))) -> 3 | K60: =IF($L60=0,"",IF($G60="Walkover_Home",Settings!$B$8,IF($G60="Walkover_Away",Settings!$B$7,IF($I60>$H60,Settings!$B$3,IF($I60<$H60,Settings!$B$4,Settings!$B$5))))) -> 0 | L60: =IF($G60="Cancelled",0,IF(OR($H60="", $I60=""),0,1)) -> 1 | M60: =IF($L60=0,"",IF($H60>$I60,1,0)) -> 1 | N60: =IF($L60=0,"",IF($H60=$I60,1,0)) -> 0 | O60: =IF($L60=0,"",IF($H60<$I60,1,0)) -> 0 | P60: =IF($L60=0,"",IF($I60>$H60,1,0)) -> 0 | Q60: =IF($L60=0,"",IF($I60=$H60,1,0)) -> 0 | R60: =IF($L60=0,"",IF($I60<$H60,1,0)) -> 1 | S60: =IF($L60=0,"",IF($H60>$I60,$C60,IF($H60<$I60,$D60,"Draw"))) -> RHYMEZ | U60: =IF($L60=0,"",$H60-$I60) -> 4 | V60: =IF($L60=0,"",$I60-$H60) -> -4 | W60: =IF($L60=0,"",$I60-$H60) -> -4 | X60: =IF($L60=0,"",$H60-$I60) -> 4
A61: 59 | B61: 46055 | C61: SON OF GOD | D61: TACTICAL | E61: 3 | F61: 5 | G61: Played | H61: =IF($G61="Walkover_Home",Settings!$B$10,IF($G61="Walkover_Away",Settings!$B$11,IF($G61="Cancelled","",IF($E61="","",$E61)))) -> 3 | I61: =IF($G61="Walkover_Home",Settings!$B$11,IF($G61="Walkover_Away",Settings!$B$10,IF($G61="Cancelled","",IF($F61="","",$F61)))) -> 5 | J61: =IF($L61=0,"",IF($G61="Walkover_Home",Settings!$B$7,IF($G61="Walkover_Away",Settings!$B$8,IF($H61>$I61,Settings!$B$3,IF($H61<$I61,Settings!$B$4,Settings!$B$5))))) -> 0 | K61: =IF($L61=0,"",IF($G61="Walkover_Home",Settings!$B$8,IF($G61="Walkover_Away",Settings!$B$7,IF($I61>$H61,Settings!$B$3,IF($I61<$H61,Settings!$B$4,Settings!$B$5))))) -> 3 | L61: =IF($G61="Cancelled",0,IF(OR($H61="", $I61=""),0,1)) -> 1 | M61: =IF($L61=0,"",IF($H61>$I61,1,0)) -> 0 | N61: =IF($L61=0,"",IF($H61=$I61,1,0)) -> 0 | O61: =IF($L61=0,"",IF($H61<$I61,1,0)) -> 1 | P61: =IF($L61=0,"",IF($I61>$H61,1,0)) -> 1 | Q61: =IF($L61=0,"",IF($I61=$H61,1,0)) -> 0 | R61: =IF($L61=0,"",IF($I61<$H61,1,0)) -> 0 | S61: =IF($L61=0,"",IF($H61>$I61,$C61,IF($H61<$I61,$D61,"Draw"))) -> TACTICAL | U61: =IF($L61=0,"",$H61-$I61) -> -2 | V61: =IF($L61=0,"",$I61-$H61) -> 2 | W61: =IF($L61=0,"",$I61-$H61) -> 2 | X61: =IF($L61=0,"",$H61-$I61) -> -2
A62: 60 | B62: 46055 | C62: MR OGA | D62: BRIGHT | E62: 6 | F62: 5 | G62: Played | H62: =IF($G62="Walkover_Home",Settings!$B$10,IF($G62="Walkover_Away",Settings!$B$11,IF($G62="Cancelled","",IF($E62="","",$E62)))) -> 6 | I62: =IF($G62="Walkover_Home",Settings!$B$11,IF($G62="Walkover_Away",Settings!$B$10,IF($G62="Cancelled","",IF($F62="","",$F62)))) -> 5 | J62: =IF($L62=0,"",IF($G62="Walkover_Home",Settings!$B$7,IF($G62="Walkover_Away",Settings!$B$8,IF($H62>$I62,Settings!$B$3,IF($H62<$I62,Settings!$B$4,Settings!$B$5))))) -> 3 | K62: =IF($L62=0,"",IF($G62="Walkover_Home",Settings!$B$8,IF($G62="Walkover_Away",Settings!$B$7,IF($I62>$H62,Settings!$B$3,IF($I62<$H62,Settings!$B$4,Settings!$B$5))))) -> 0 | L62: =IF($G62="Cancelled",0,IF(OR($H62="", $I62=""),0,1)) -> 1 | M62: =IF($L62=0,"",IF($H62>$I62,1,0)) -> 1 | N62: =IF($L62=0,"",IF($H62=$I62,1,0)) -> 0 | O62: =IF($L62=0,"",IF($H62<$I62,1,0)) -> 0 | P62: =IF($L62=0,"",IF($I62>$H62,1,0)) -> 0 | Q62: =IF($L62=0,"",IF($I62=$H62,1,0)) -> 0 | R62: =IF($L62=0,"",IF($I62<$H62,1,0)) -> 1 | S62: =IF($L62=0,"",IF($H62>$I62,$C62,IF($H62<$I62,$D62,"Draw"))) -> MR OGA | U62: =IF($L62=0,"",$H62-$I62) -> 1 | V62: =IF($L62=0,"",$I62-$H62) -> -1 | W62: =IF($L62=0,"",$I62-$H62) -> -1 | X62: =IF($L62=0,"",$H62-$I62) -> 1
A63: 61 | B63: 46055 | C63: ANIFE | D63: KAYKAY | E63: 7 | F63: 6 | G63: Played | H63: =IF($G63="Walkover_Home",Settings!$B$10,IF($G63="Walkover_Away",Settings!$B$11,IF($G63="Cancelled","",IF($E63="","",$E63)))) -> 7 | I63: =IF($G63="Walkover_Home",Settings!$B$11,IF($G63="Walkover_Away",Settings!$B$10,IF($G63="Cancelled","",IF($F63="","",$F63)))) -> 6 | J63: =IF($L63=0,"",IF($G63="Walkover_Home",Settings!$B$7,IF($G63="Walkover_Away",Settings!$B$8,IF($H63>$I63,Settings!$B$3,IF($H63<$I63,Settings!$B$4,Settings!$B$5))))) -> 3 | K63: =IF($L63=0,"",IF($G63="Walkover_Home",Settings!$B$8,IF($G63="Walkover_Away",Settings!$B$7,IF($I63>$H63,Settings!$B$3,IF($I63<$H63,Settings!$B$4,Settings!$B$5))))) -> 0 | L63: =IF($G63="Cancelled",0,IF(OR($H63="", $I63=""),0,1)) -> 1 | M63: =IF($L63=0,"",IF($H63>$I63,1,0)) -> 1 | N63: =IF($L63=0,"",IF($H63=$I63,1,0)) -> 0 | O63: =IF($L63=0,"",IF($H63<$I63,1,0)) -> 0 | P63: =IF($L63=0,"",IF($I63>$H63,1,0)) -> 0 | Q63: =IF($L63=0,"",IF($I63=$H63,1,0)) -> 0 | R63: =IF($L63=0,"",IF($I63<$H63,1,0)) -> 1 | S63: =IF($L63=0,"",IF($H63>$I63,$C63,IF($H63<$I63,$D63,"Draw"))) -> ANIFE | U63: =IF($L63=0,"",$H63-$I63) -> 1 | V63: =IF($L63=0,"",$I63-$H63) -> -1 | W63: =IF($L63=0,"",$I63-$H63) -> -1 | X63: =IF($L63=0,"",$H63-$I63) -> 1
A64: 62 | B64: 46055 | C64: RHYMEZ | D64: BAJI SNR | E64: 6 | F64: 4 | G64: Played | H64: =IF($G64="Walkover_Home",Settings!$B$10,IF($G64="Walkover_Away",Settings!$B$11,IF($G64="Cancelled","",IF($E64="","",$E64)))) -> 6 | I64: =IF($G64="Walkover_Home",Settings!$B$11,IF($G64="Walkover_Away",Settings!$B$10,IF($G64="Cancelled","",IF($F64="","",$F64)))) -> 4 | J64: =IF($L64=0,"",IF($G64="Walkover_Home",Settings!$B$7,IF($G64="Walkover_Away",Settings!$B$8,IF($H64>$I64,Settings!$B$3,IF($H64<$I64,Settings!$B$4,Settings!$B$5))))) -> 3 | K64: =IF($L64=0,"",IF($G64="Walkover_Home",Settings!$B$8,IF($G64="Walkover_Away",Settings!$B$7,IF($I64>$H64,Settings!$B$3,IF($I64<$H64,Settings!$B$4,Settings!$B$5))))) -> 0 | L64: =IF($G64="Cancelled",0,IF(OR($H64="", $I64=""),0,1)) -> 1 | M64: =IF($L64=0,"",IF($H64>$I64,1,0)) -> 1 | N64: =IF($L64=0,"",IF($H64=$I64,1,0)) -> 0 | O64: =IF($L64=0,"",IF($H64<$I64,1,0)) -> 0 | P64: =IF($L64=0,"",IF($I64>$H64,1,0)) -> 0 | Q64: =IF($L64=0,"",IF($I64=$H64,1,0)) -> 0 | R64: =IF($L64=0,"",IF($I64<$H64,1,0)) -> 1 | S64: =IF($L64=0,"",IF($H64>$I64,$C64,IF($H64<$I64,$D64,"Draw"))) -> RHYMEZ | U64: =IF($L64=0,"",$H64-$I64) -> 2 | V64: =IF($L64=0,"",$I64-$H64) -> -2 | W64: =IF($L64=0,"",$I64-$H64) -> -2 | X64: =IF($L64=0,"",$H64-$I64) -> 2
... A139: 137 | B139: 46081 | C139: BRIGHT | D139: SIMPLYY UZO | E139: 6 | F139: 5 | G139: Played | H139: =IF($G139="Walkover_Home",Settings!$B$10,IF($G139="Walkover_Away",Settings!$B$11,IF($G139="Cancelled","",IF($E139="","",$E139)))) -> 6 | I139: =IF($G139="Walkover_Home",Settings!$B$11,IF($G139="Walkover_Away",Settings!$B$10,IF($G139="Cancelled","",IF($F139="","",$F139)))) -> 5 | J139: =IF($L139=0,"",IF($G139="Walkover_Home",Settings!$B$7,IF($G139="Walkover_Away",Settings!$B$8,IF($H139>$I139,Settings!$B$3,IF($H139<$I139,Settings!$B$4,Settings!$B$5))))) -> 3 | K139: =IF($L139=0,"",IF($G139="Walkover_Home",Settings!$B$8,IF($G139="Walkover_Away",Settings!$B$7,IF($I139>$H139,Settings!$B$3,IF($I139<$H139,Settings!$B$4,Settings!$B$5))))) -> 0 | L139: =IF($G139="Cancelled",0,IF(OR($H139="", $I139=""),0,1)) -> 1 | M139: =IF($L139=0,"",IF($H139>$I139,1,0)) -> 1 | N139: =IF($L139=0,"",IF($H139=$I139,1,0)) -> 0 | O139: =IF($L139=0,"",IF($H139<$I139,1,0)) -> 0 | P139: =IF($L139=0,"",IF($I139>$H139,1,0)) -> 0 | Q139: =IF($L139=0,"",IF($I139=$H139,1,0)) -> 0 | R139: =IF($L139=0,"",IF($I139<$H139,1,0)) -> 1 | S139: =IF($L139=0,"",IF($H139>$I139,$C139,IF($H139<$I139,$D139,"Draw"))) -> BRIGHT | U139: =IF($L139=0,"",$H139-$I139) -> 1 | V139: =IF($L139=0,"",$I139-$H139) -> -1 | W139: =IF($L139=0,"",$I139-$H139) -> -1 | X139: =IF($L139=0,"",$H139-$I139) -> 1
A140: 138 | B140: 46081 | C140: KINGNONEX | D140: BLAISE99 | G140: Walkover_Home | H140: =IF($G140="Walkover_Home",Settings!$B$10,IF($G140="Walkover_Away",Settings!$B$11,IF($G140="Cancelled","",IF($E140="","",$E140)))) -> 3 | I140: =IF($G140="Walkover_Home",Settings!$B$11,IF($G140="Walkover_Away",Settings!$B$10,IF($G140="Cancelled","",IF($F140="","",$F140)))) -> 0 | J140: =IF($L140=0,"",IF($G140="Walkover_Home",Settings!$B$7,IF($G140="Walkover_Away",Settings!$B$8,IF($H140>$I140,Settings!$B$3,IF($H140<$I140,Settings!$B$4,Settings!$B$5))))) -> 3 | K140: =IF($L140=0,"",IF($G140="Walkover_Home",Settings!$B$8,IF($G140="Walkover_Away",Settings!$B$7,IF($I140>$H140,Settings!$B$3,IF($I140<$H140,Settings!$B$4,Settings!$B$5))))) -> 0 | L140: =IF($G140="Cancelled",0,IF(OR($H140="", $I140=""),0,1)) -> 1 | M140: =IF($L140=0,"",IF($H140>$I140,1,0)) -> 1 | N140: =IF($L140=0,"",IF($H140=$I140,1,0)) -> 0 | O140: =IF($L140=0,"",IF($H140<$I140,1,0)) -> 0 | P140: =IF($L140=0,"",IF($I140>$H140,1,0)) -> 0 | Q140: =IF($L140=0,"",IF($I140=$H140,1,0)) -> 0 | R140: =IF($L140=0,"",IF($I140<$H140,1,0)) -> 1 | S140: =IF($L140=0,"",IF($H140>$I140,$C140,IF($H140<$I140,$D140,"Draw"))) -> KINGNONEX | U140: =IF($L140=0,"",$H140-$I140) -> 3 | V140: =IF($L140=0,"",$I140-$H140) -> -3 | W140: =IF($L140=0,"",$I140-$H140) -> -3 | X140: =IF($L140=0,"",$H140-$I140) -> 3
A141: 139 | B141: 46081 | C141: MR OGA | D141: DADABOI | E141: 3 | F141: 7 | G141: Played | H141: =IF($G141="Walkover_Home",Settings!$B$10,IF($G141="Walkover_Away",Settings!$B$11,IF($G141="Cancelled","",IF($E141="","",$E141)))) -> 3 | I141: =IF($G141="Walkover_Home",Settings!$B$11,IF($G141="Walkover_Away",Settings!$B$10,IF($G141="Cancelled","",IF($F141="","",$F141)))) -> 7 | J141: =IF($L141=0,"",IF($G141="Walkover_Home",Settings!$B$7,IF($G141="Walkover_Away",Settings!$B$8,IF($H141>$I141,Settings!$B$3,IF($H141<$I141,Settings!$B$4,Settings!$B$5))))) -> 0 | K141: =IF($L141=0,"",IF($G141="Walkover_Home",Settings!$B$8,IF($G141="Walkover_Away",Settings!$B$7,IF($I141>$H141,Settings!$B$3,IF($I141<$H141,Settings!$B$4,Settings!$B$5))))) -> 3 | L141: =IF($G141="Cancelled",0,IF(OR($H141="", $I141=""),0,1)) -> 1 | M141: =IF($L141=0,"",IF($H141>$I141,1,0)) -> 0 | N141: =IF($L141=0,"",IF($H141=$I141,1,0)) -> 0 | O141: =IF($L141=0,"",IF($H141<$I141,1,0)) -> 1 | P141: =IF($L141=0,"",IF($I141>$H141,1,0)) -> 1 | Q141: =IF($L141=0,"",IF($I141=$H141,1,0)) -> 0 | R141: =IF($L141=0,"",IF($I141<$H141,1,0)) -> 0 | S141: =IF($L141=0,"",IF($H141>$I141,$C141,IF($H141<$I141,$D141,"Draw"))) -> DADABOI | U141: =IF($L141=0,"",$H141-$I141) -> -4 | V141: =IF($L141=0,"",$I141-$H141) -> 4 | W141: =IF($L141=0,"",$I141-$H141) -> 4 | X141: =IF($L141=0,"",$H141-$I141) -> -4
A142: 140 | B142: 46081 | C142: GAMEWITHJOSH | D142: FLICK | G142: Walkover_Home | H142: =IF($G142="Walkover_Home",Settings!$B$10,IF($G142="Walkover_Away",Settings!$B$11,IF($G142="Cancelled","",IF($E142="","",$E142)))) -> 3 | I142: =IF($G142="Walkover_Home",Settings!$B$11,IF($G142="Walkover_Away",Settings!$B$10,IF($G142="Cancelled","",IF($F142="","",$F142)))) -> 0 | J142: =IF($L142=0,"",IF($G142="Walkover_Home",Settings!$B$7,IF($G142="Walkover_Away",Settings!$B$8,IF($H142>$I142,Settings!$B$3,IF($H142<$I142,Settings!$B$4,Settings!$B$5))))) -> 3 | K142: =IF($L142=0,"",IF($G142="Walkover_Home",Settings!$B$8,IF($G142="Walkover_Away",Settings!$B$7,IF($I142>$H142,Settings!$B$3,IF($I142<$H142,Settings!$B$4,Settings!$B$5))))) -> 0 | L142: =IF($G142="Cancelled",0,IF(OR($H142="", $I142=""),0,1)) -> 1 | M142: =IF($L142=0,"",IF($H142>$I142,1,0)) -> 1 | N142: =IF($L142=0,"",IF($H142=$I142,1,0)) -> 0 | O142: =IF($L142=0,"",IF($H142<$I142,1,0)) -> 0 | P142: =IF($L142=0,"",IF($I142>$H142,1,0)) -> 0 | Q142: =IF($L142=0,"",IF($I142=$H142,1,0)) -> 0 | R142: =IF($L142=0,"",IF($I142<$H142,1,0)) -> 1 | S142: =IF($L142=0,"",IF($H142>$I142,$C142,IF($H142<$I142,$D142,"Draw"))) -> GAMEWITHJOSH | U142: =IF($L142=0,"",$H142-$I142) -> 3 | V142: =IF($L142=0,"",$I142-$H142) -> -3 | W142: =IF($L142=0,"",$I142-$H142) -> -3 | X142: =IF($L142=0,"",$H142-$I142) -> 3
A143: 141 | B143: 46081 | C143: RHYMEZ | D143: DRACARYS | E143: 6 | F143: 2 | G143: Played | H143: =IF($G143="Walkover_Home",Settings!$B$10,IF($G143="Walkover_Away",Settings!$B$11,IF($G143="Cancelled","",IF($E143="","",$E143)))) -> 6 | I143: =IF($G143="Walkover_Home",Settings!$B$11,IF($G143="Walkover_Away",Settings!$B$10,IF($G143="Cancelled","",IF($F143="","",$F143)))) -> 2 | J143: =IF($L143=0,"",IF($G143="Walkover_Home",Settings!$B$7,IF($G143="Walkover_Away",Settings!$B$8,IF($H143>$I143,Settings!$B$3,IF($H143<$I143,Settings!$B$4,Settings!$B$5))))) -> 3 | K143: =IF($L143=0,"",IF($G143="Walkover_Home",Settings!$B$8,IF($G143="Walkover_Away",Settings!$B$7,IF($I143>$H143,Settings!$B$3,IF($I143<$H143,Settings!$B$4,Settings!$B$5))))) -> 0 | L143: =IF($G143="Cancelled",0,IF(OR($H143="", $I143=""),0,1)) -> 1 | M143: =IF($L143=0,"",IF($H143>$I143,1,0)) -> 1 | N143: =IF($L143=0,"",IF($H143=$I143,1,0)) -> 0 | O143: =IF($L143=0,"",IF($H143<$I143,1,0)) -> 0 | P143: =IF($L143=0,"",IF($I143>$H143,1,0)) -> 0 | Q143: =IF($L143=0,"",IF($I143=$H143,1,0)) -> 0 | R143: =IF($L143=0,"",IF($I143<$H143,1,0)) -> 1 | S143: =IF($L143=0,"",IF($H143>$I143,$C143,IF($H143<$I143,$D143,"Draw"))) -> RHYMEZ | U143: =IF($L143=0,"",$H143-$I143) -> 4 | V143: =IF($L143=0,"",$I143-$H143) -> -4 | W143: =IF($L143=0,"",$I143-$H143) -> -4 | X143: =IF($L143=0,"",$H143-$I143) -> 4
A144: 142 | B144: 46081 | C144: SON OF GOD | D144: BAJI SNR | G144: Walkover_Home | H144: =IF($G144="Walkover_Home",Settings!$B$10,IF($G144="Walkover_Away",Settings!$B$11,IF($G144="Cancelled","",IF($E144="","",$E144)))) -> 3 | I144: =IF($G144="Walkover_Home",Settings!$B$11,IF($G144="Walkover_Away",Settings!$B$10,IF($G144="Cancelled","",IF($F144="","",$F144)))) -> 0 | J144: =IF($L144=0,"",IF($G144="Walkover_Home",Settings!$B$7,IF($G144="Walkover_Away",Settings!$B$8,IF($H144>$I144,Settings!$B$3,IF($H144<$I144,Settings!$B$4,Settings!$B$5))))) -> 3 | K144: =IF($L144=0,"",IF($G144="Walkover_Home",Settings!$B$8,IF($G144="Walkover_Away",Settings!$B$7,IF($I144>$H144,Settings!$B$3,IF($I144<$H144,Settings!$B$4,Settings!$B$5))))) -> 0 | L144: =IF($G144="Cancelled",0,IF(OR($H144="", $I144=""),0,1)) -> 1 | M144: =IF($L144=0,"",IF($H144>$I144,1,0)) -> 1 | N144: =IF($L144=0,"",IF($H144=$I144,1,0)) -> 0 | O144: =IF($L144=0,"",IF($H144<$I144,1,0)) -> 0 | P144: =IF($L144=0,"",IF($I144>$H144,1,0)) -> 0 | Q144: =IF($L144=0,"",IF($I144=$H144,1,0)) -> 0 | R144: =IF($L144=0,"",IF($I144<$H144,1,0)) -> 1 | S144: =IF($L144=0,"",IF($H144>$I144,$C144,IF($H144<$I144,$D144,"Draw"))) -> SON OF GOD | U144: =IF($L144=0,"",$H144-$I144) -> 3 | V144: =IF($L144=0,"",$I144-$H144) -> -3 | W144: =IF($L144=0,"",$I144-$H144) -> -3 | X144: =IF($L144=0,"",$H144-$I144) -> 3
A145: 143 | B145: 46081 | C145: ANIFE | D145: WOLEVATION | E145: 4 | F145: 4 | G145: Played | H145: =IF($G145="Walkover_Home",Settings!$B$10,IF($G145="Walkover_Away",Settings!$B$11,IF($G145="Cancelled","",IF($E145="","",$E145)))) -> 4 | I145: =IF($G145="Walkover_Home",Settings!$B$11,IF($G145="Walkover_Away",Settings!$B$10,IF($G145="Cancelled","",IF($F145="","",$F145)))) -> 4 | J145: =IF($L145=0,"",IF($G145="Walkover_Home",Settings!$B$7,IF($G145="Walkover_Away",Settings!$B$8,IF($H145>$I145,Settings!$B$3,IF($H145<$I145,Settings!$B$4,Settings!$B$5))))) -> 1 | K145: =IF($L145=0,"",IF($G145="Walkover_Home",Settings!$B$8,IF($G145="Walkover_Away",Settings!$B$7,IF($I145>$H145,Settings!$B$3,IF($I145<$H145,Settings!$B$4,Settings!$B$5))))) -> 1 | L145: =IF($G145="Cancelled",0,IF(OR($H145="", $I145=""),0,1)) -> 1 | M145: =IF($L145=0,"",IF($H145>$I145,1,0)) -> 0 | N145: =IF($L145=0,"",IF($H145=$I145,1,0)) -> 1 | O145: =IF($L145=0,"",IF($H145<$I145,1,0)) -> 0 | P145: =IF($L145=0,"",IF($I145>$H145,1,0)) -> 0 | Q145: =IF($L145=0,"",IF($I145=$H145,1,0)) -> 1 | R145: =IF($L145=0,"",IF($I145<$H145,1,0)) -> 0 | S145: =IF($L145=0,"",IF($H145>$I145,$C145,IF($H145<$I145,$D145,"Draw"))) -> Draw | U145: =IF($L145=0,"",$H145-$I145) -> 0 | V145: =IF($L145=0,"",$I145-$H145) -> 0 | W145: =IF($L145=0,"",$I145-$H145) -> 0 | X145: =IF($L145=0,"",$H145-$I145) -> 0
A146: 144 | B146: 46081 | C146: KHALEEDOY | D146: BALO K | E146: 5 | F146: 3 | G146: Played | H146: =IF($G146="Walkover_Home",Settings!$B$10,IF($G146="Walkover_Away",Settings!$B$11,IF($G146="Cancelled","",IF($E146="","",$E146)))) -> 5 | I146: =IF($G146="Walkover_Home",Settings!$B$11,IF($G146="Walkover_Away",Settings!$B$10,IF($G146="Cancelled","",IF($F146="","",$F146)))) -> 3 | J146: =IF($L146=0,"",IF($G146="Walkover_Home",Settings!$B$7,IF($G146="Walkover_Away",Settings!$B$8,IF($H146>$I146,Settings!$B$3,IF($H146<$I146,Settings!$B$4,Settings!$B$5))))) -> 3 | K146: =IF($L146=0,"",IF($G146="Walkover_Home",Settings!$B$8,IF($G146="Walkover_Away",Settings!$B$7,IF($I146>$H146,Settings!$B$3,IF($I146<$H146,Settings!$B$4,Settings!$B$5))))) -> 0 | L146: =IF($G146="Cancelled",0,IF(OR($H146="", $I146=""),0,1)) -> 1 | M146: =IF($L146=0,"",IF($H146>$I146,1,0)) -> 1 | N146: =IF($L146=0,"",IF($H146=$I146,1,0)) -> 0 | O146: =IF($L146=0,"",IF($H146<$I146,1,0)) -> 0 | P146: =IF($L146=0,"",IF($I146>$H146,1,0)) -> 0 | Q146: =IF($L146=0,"",IF($I146=$H146,1,0)) -> 0 | R146: =IF($L146=0,"",IF($I146<$H146,1,0)) -> 1 | S146: =IF($L146=0,"",IF($H146>$I146,$C146,IF($H146<$I146,$D146,"Draw"))) -> KHALEEDOY | U146: =IF($L146=0,"",$H146-$I146) -> 2 | V146: =IF($L146=0,"",$I146-$H146) -> -2 | W146: =IF($L146=0,"",$I146-$H146) -> -2 | X146: =IF($L146=0,"",$H146-$I146) -> 2
A147: 145 | B147: 46081 | C147: KAYKAY | D147: YEMOLEE | E147: 3 | F147: 8 | G147: Played | H147: =IF($G147="Walkover_Home",Settings!$B$10,IF($G147="Walkover_Away",Settings!$B$11,IF($G147="Cancelled","",IF($E147="","",$E147)))) -> 3 | I147: =IF($G147="Walkover_Home",Settings!$B$11,IF($G147="Walkover_Away",Settings!$B$10,IF($G147="Cancelled","",IF($F147="","",$F147)))) -> 8 | J147: =IF($L147=0,"",IF($G147="Walkover_Home",Settings!$B$7,IF($G147="Walkover_Away",Settings!$B$8,IF($H147>$I147,Settings!$B$3,IF($H147<$I147,Settings!$B$4,Settings!$B$5))))) -> 0 | K147: =IF($L147=0,"",IF($G147="Walkover_Home",Settings!$B$8,IF($G147="Walkover_Away",Settings!$B$7,IF($I147>$H147,Settings!$B$3,IF($I147<$H147,Settings!$B$4,Settings!$B$5))))) -> 3 | L147: =IF($G147="Cancelled",0,IF(OR($H147="", $I147=""),0,1)) -> 1 | M147: =IF($L147=0,"",IF($H147>$I147,1,0)) -> 0 | N147: =IF($L147=0,"",IF($H147=$I147,1,0)) -> 0 | O147: =IF($L147=0,"",IF($H147<$I147,1,0)) -> 1 | P147: =IF($L147=0,"",IF($I147>$H147,1,0)) -> 1 | Q147: =IF($L147=0,"",IF($I147=$H147,1,0)) -> 0 | R147: =IF($L147=0,"",IF($I147<$H147,1,0)) -> 0 | S147: =IF($L147=0,"",IF($H147>$I147,$C147,IF($H147<$I147,$D147,"Draw"))) -> YEMOLEE | U147: =IF($L147=0,"",$H147-$I147) -> -5 | V147: =IF($L147=0,"",$I147-$H147) -> 5 | W147: =IF($L147=0,"",$I147-$H147) -> 5 | X147: =IF($L147=0,"",$H147-$I147) -> -5
A148: 146 | B148: 46081 | C148: DRACARYS | D148: SIMPLYY UZO | G148: Walkover_Home | H148: =IF($G148="Walkover_Home",Settings!$B$10,IF($G148="Walkover_Away",Settings!$B$11,IF($G148="Cancelled","",IF($E148="","",$E148)))) -> 3 | I148: =IF($G148="Walkover_Home",Settings!$B$11,IF($G148="Walkover_Away",Settings!$B$10,IF($G148="Cancelled","",IF($F148="","",$F148)))) -> 0 | J148: =IF($L148=0,"",IF($G148="Walkover_Home",Settings!$B$7,IF($G148="Walkover_Away",Settings!$B$8,IF($H148>$I148,Settings!$B$3,IF($H148<$I148,Settings!$B$4,Settings!$B$5))))) -> 3 | K148: =IF($L148=0,"",IF($G148="Walkover_Home",Settings!$B$8,IF($G148="Walkover_Away",Settings!$B$7,IF($I148>$H148,Settings!$B$3,IF($I148<$H148,Settings!$B$4,Settings!$B$5))))) -> 0 | L148: =IF($G148="Cancelled",0,IF(OR($H148="", $I148=""),0,1)) -> 1 | M148: =IF($L148=0,"",IF($H148>$I148,1,0)) -> 1 | N148: =IF($L148=0,"",IF($H148=$I148,1,0)) -> 0 | O148: =IF($L148=0,"",IF($H148<$I148,1,0)) -> 0 | P148: =IF($L148=0,"",IF($I148>$H148,1,0)) -> 0 | Q148: =IF($L148=0,"",IF($I148=$H148,1,0)) -> 0 | R148: =IF($L148=0,"",IF($I148<$H148,1,0)) -> 1 | S148: =IF($L148=0,"",IF($H148>$I148,$C148,IF($H148<$I148,$D148,"Draw"))) -> DRACARYS | U148: =IF($L148=0,"",$H148-$I148) -> 3 | V148: =IF($L148=0,"",$I148-$H148) -> -3 | W148: =IF($L148=0,"",$I148-$H148) -> -3 | X148: =IF($L148=0,"",$H148-$I148) -> 3
A149: 147 | B149: 46081 | C149: RHYMEZ | D149: SON OF GOD | E149: 6 | F149: 5 | G149: Played | H149: =IF($G149="Walkover_Home",Settings!$B$10,IF($G149="Walkover_Away",Settings!$B$11,IF($G149="Cancelled","",IF($E149="","",$E149)))) -> 6 | I149: =IF($G149="Walkover_Home",Settings!$B$11,IF($G149="Walkover_Away",Settings!$B$10,IF($G149="Cancelled","",IF($F149="","",$F149)))) -> 5 | J149: =IF($L149=0,"",IF($G149="Walkover_Home",Settings!$B$7,IF($G149="Walkover_Away",Settings!$B$8,IF($H149>$I149,Settings!$B$3,IF($H149<$I149,Settings!$B$4,Settings!$B$5))))) -> 3 | K149: =IF($L149=0,"",IF($G149="Walkover_Home",Settings!$B$8,IF($G149="Walkover_Away",Settings!$B$7,IF($I149>$H149,Settings!$B$3,IF($I149<$H149,Settings!$B$4,Settings!$B$5))))) -> 0 | L149: =IF($G149="Cancelled",0,IF(OR($H149="", $I149=""),0,1)) -> 1 | M149: =IF($L149=0,"",IF($H149>$I149,1,0)) -> 1 | N149: =IF($L149=0,"",IF($H149=$I149,1,0)) -> 0 | O149: =IF($L149=0,"",IF($H149<$I149,1,0)) -> 0 | P149: =IF($L149=0,"",IF($I149>$H149,1,0)) -> 0 | Q149: =IF($L149=0,"",IF($I149=$H149,1,0)) -> 0 | R149: =IF($L149=0,"",IF($I149<$H149,1,0)) -> 1 | S149: =IF($L149=0,"",IF($H149>$I149,$C149,IF($H149<$I149,$D149,"Draw"))) -> RHYMEZ | U149: =IF($L149=0,"",$H149-$I149) -> 1 | V149: =IF($L149=0,"",$I149-$H149) -> -1 | W149: =IF($L149=0,"",$I149-$H149) -> -1 | X149: =IF($L149=0,"",$H149-$I149) -> 1
A150: 148 | B150: 46081 | C150: DADABOI | D150: WOLEVATION | E150: 6 | F150: 6 | G150: Played | H150: =IF($G150="Walkover_Home",Settings!$B$10,IF($G150="Walkover_Away",Settings!$B$11,IF($G150="Cancelled","",IF($E150="","",$E150)))) -> 6 | I150: =IF($G150="Walkover_Home",Settings!$B$11,IF($G150="Walkover_Away",Settings!$B$10,IF($G150="Cancelled","",IF($F150="","",$F150)))) -> 6 | J150: =IF($L150=0,"",IF($G150="Walkover_Home",Settings!$B$7,IF($G150="Walkover_Away",Settings!$B$8,IF($H150>$I150,Settings!$B$3,IF($H150<$I150,Settings!$B$4,Settings!$B$5))))) -> 1 | K150: =IF($L150=0,"",IF($G150="Walkover_Home",Settings!$B$8,IF($G150="Walkover_Away",Settings!$B$7,IF($I150>$H150,Settings!$B$3,IF($I150<$H150,Settings!$B$4,Settings!$B$5))))) -> 1 | L150: =IF($G150="Cancelled",0,IF(OR($H150="", $I150=""),0,1)) -> 1 | M150: =IF($L150=0,"",IF($H150>$I150,1,0)) -> 0 | N150: =IF($L150=0,"",IF($H150=$I150,1,0)) -> 1 | O150: =IF($L150=0,"",IF($H150<$I150,1,0)) -> 0 | P150: =IF($L150=0,"",IF($I150>$H150,1,0)) -> 0 | Q150: =IF($L150=0,"",IF($I150=$H150,1,0)) -> 1 | R150: =IF($L150=0,"",IF($I150<$H150,1,0)) -> 0 | S150: =IF($L150=0,"",IF($H150>$I150,$C150,IF($H150<$I150,$D150,"Draw"))) -> Draw | U150: =IF($L150=0,"",$H150-$I150) -> 0 | V150: =IF($L150=0,"",$I150-$H150) -> 0 | W150: =IF($L150=0,"",$I150-$H150) -> 0 | X150: =IF($L150=0,"",$H150-$I150) -> 0
A151: 149 | B151: 46081 | C151: BLAISE99 | D151: YEMOLEE | E151: 4 | F151: 7 | G151: Played | H151: =IF($G151="Walkover_Home",Settings!$B$10,IF($G151="Walkover_Away",Settings!$B$11,IF($G151="Cancelled","",IF($E151="","",$E151)))) -> 4 | I151: =IF($G151="Walkover_Home",Settings!$B$11,IF($G151="Walkover_Away",Settings!$B$10,IF($G151="Cancelled","",IF($F151="","",$F151)))) -> 7 | J151: =IF($L151=0,"",IF($G151="Walkover_Home",Settings!$B$7,IF($G151="Walkover_Away",Settings!$B$8,IF($H151>$I151,Settings!$B$3,IF($H151<$I151,Settings!$B$4,Settings!$B$5))))) -> 0 | K151: =IF($L151=0,"",IF($G151="Walkover_Home",Settings!$B$8,IF($G151="Walkover_Away",Settings!$B$7,IF($I151>$H151,Settings!$B$3,IF($I151<$H151,Settings!$B$4,Settings!$B$5))))) -> 3 | L151: =IF($G151="Cancelled",0,IF(OR($H151="", $I151=""),0,1)) -> 1 | M151: =IF($L151=0,"",IF($H151>$I151,1,0)) -> 0 | N151: =IF($L151=0,"",IF($H151=$I151,1,0)) -> 0 | O151: =IF($L151=0,"",IF($H151<$I151,1,0)) -> 1 | P151: =IF($L151=0,"",IF($I151>$H151,1,0)) -> 1 | Q151: =IF($L151=0,"",IF($I151=$H151,1,0)) -> 0 | R151: =IF($L151=0,"",IF($I151<$H151,1,0)) -> 0 | S151: =IF($L151=0,"",IF($H151>$I151,$C151,IF($H151<$I151,$D151,"Draw"))) -> YEMOLEE | U151: =IF($L151=0,"",$H151-$I151) -> -3 | V151: =IF($L151=0,"",$I151-$H151) -> 3 | W151: =IF($L151=0,"",$I151-$H151) -> 3 | X151: =IF($L151=0,"",$H151-$I151) -> -3
A152: 150 | B152: 46081 | C152: FLICK | D152: BALO K | G152: Walkover_Away | H152: =IF($G152="Walkover_Home",Settings!$B$10,IF($G152="Walkover_Away",Settings!$B$11,IF($G152="Cancelled","",IF($E152="","",$E152)))) -> 0 | I152: =IF($G152="Walkover_Home",Settings!$B$11,IF($G152="Walkover_Away",Settings!$B$10,IF($G152="Cancelled","",IF($F152="","",$F152)))) -> 3 | J152: =IF($L152=0,"",IF($G152="Walkover_Home",Settings!$B$7,IF($G152="Walkover_Away",Settings!$B$8,IF($H152>$I152,Settings!$B$3,IF($H152<$I152,Settings!$B$4,Settings!$B$5))))) -> 0 | K152: =IF($L152=0,"",IF($G152="Walkover_Home",Settings!$B$8,IF($G152="Walkover_Away",Settings!$B$7,IF($I152>$H152,Settings!$B$3,IF($I152<$H152,Settings!$B$4,Settings!$B$5))))) -> 3 | L152: =IF($G152="Cancelled",0,IF(OR($H152="", $I152=""),0,1)) -> 1 | M152: =IF($L152=0,"",IF($H152>$I152,1,0)) -> 0 | N152: =IF($L152=0,"",IF($H152=$I152,1,0)) -> 0 | O152: =IF($L152=0,"",IF($H152<$I152,1,0)) -> 1 | P152: =IF($L152=0,"",IF($I152>$H152,1,0)) -> 1 | Q152: =IF($L152=0,"",IF($I152=$H152,1,0)) -> 0 | R152: =IF($L152=0,"",IF($I152<$H152,1,0)) -> 0 | S152: =IF($L152=0,"",IF($H152>$I152,$C152,IF($H152<$I152,$D152,"Draw"))) -> BALO K | U152: =IF($L152=0,"",$H152-$I152) -> -3 | V152: =IF($L152=0,"",$I152-$H152) -> 3 | W152: =IF($L152=0,"",$I152-$H152) -> 3 | X152: =IF($L152=0,"",$H152-$I152) -> -3
A153: 151 | B153: 46081 | C153: KINGNONEX | D153: MR OGA | E153: 7 | F153: 4 | G153: Played | H153: =IF($G153="Walkover_Home",Settings!$B$10,IF($G153="Walkover_Away",Settings!$B$11,IF($G153="Cancelled","",IF($E153="","",$E153)))) -> 7 | I153: =IF($G153="Walkover_Home",Settings!$B$11,IF($G153="Walkover_Away",Settings!$B$10,IF($G153="Cancelled","",IF($F153="","",$F153)))) -> 4 | J153: =IF($L153=0,"",IF($G153="Walkover_Home",Settings!$B$7,IF($G153="Walkover_Away",Settings!$B$8,IF($H153>$I153,Settings!$B$3,IF($H153<$I153,Settings!$B$4,Settings!$B$5))))) -> 3 | K153: =IF($L153=0,"",IF($G153="Walkover_Home",Settings!$B$8,IF($G153="Walkover_Away",Settings!$B$7,IF($I153>$H153,Settings!$B$3,IF($I153<$H153,Settings!$B$4,Settings!$B$5))))) -> 0 | L153: =IF($G153="Cancelled",0,IF(OR($H153="", $I153=""),0,1)) -> 1 | M153: =IF($L153=0,"",IF($H153>$I153,1,0)) -> 1 | N153: =IF($L153=0,"",IF($H153=$I153,1,0)) -> 0 | O153: =IF($L153=0,"",IF($H153<$I153,1,0)) -> 0 | P153: =IF($L153=0,"",IF($I153>$H153,1,0)) -> 0 | Q153: =IF($L153=0,"",IF($I153=$H153,1,0)) -> 0 | R153: =IF($L153=0,"",IF($I153<$H153,1,0)) -> 1 | S153: =IF($L153=0,"",IF($H153>$I153,$C153,IF($H153<$I153,$D153,"Draw"))) -> KINGNONEX | U153: =IF($L153=0,"",$H153-$I153) -> 3 | V153: =IF($L153=0,"",$I153-$H153) -> -3 | W153: =IF($L153=0,"",$I153-$H153) -> -3 | X153: =IF($L153=0,"",$H153-$I153) -> 3
A154: 152 | B154: 46081 | C154: KAYKAY | D154: KHALEEDOY | E154: 4 | F154: 10 | G154: Played | H154: =IF($G154="Walkover_Home",Settings!$B$10,IF($G154="Walkover_Away",Settings!$B$11,IF($G154="Cancelled","",IF($E154="","",$E154)))) -> 4 | I154: =IF($G154="Walkover_Home",Settings!$B$11,IF($G154="Walkover_Away",Settings!$B$10,IF($G154="Cancelled","",IF($F154="","",$F154)))) -> 10 | J154: =IF($L154=0,"",IF($G154="Walkover_Home",Settings!$B$7,IF($G154="Walkover_Away",Settings!$B$8,IF($H154>$I154,Settings!$B$3,IF($H154<$I154,Settings!$B$4,Settings!$B$5))))) -> 0 | K154: =IF($L154=0,"",IF($G154="Walkover_Home",Settings!$B$8,IF($G154="Walkover_Away",Settings!$B$7,IF($I154>$H154,Settings!$B$3,IF($I154<$H154,Settings!$B$4,Settings!$B$5))))) -> 3 | L154: =IF($G154="Cancelled",0,IF(OR($H154="", $I154=""),0,1)) -> 1 | M154: =IF($L154=0,"",IF($H154>$I154,1,0)) -> 0 | N154: =IF($L154=0,"",IF($H154=$I154,1,0)) -> 0 | O154: =IF($L154=0,"",IF($H154<$I154,1,0)) -> 1 | P154: =IF($L154=0,"",IF($I154>$H154,1,0)) -> 1 | Q154: =IF($L154=0,"",IF($I154=$H154,1,0)) -> 0 | R154: =IF($L154=0,"",IF($I154<$H154,1,0)) -> 0 | S154: =IF($L154=0,"",IF($H154>$I154,$C154,IF($H154<$I154,$D154,"Draw"))) -> KHALEEDOY | U154: =IF($L154=0,"",$H154-$I154) -> -6 | V154: =IF($L154=0,"",$I154-$H154) -> 6 | W154: =IF($L154=0,"",$I154-$H154) -> 6 | X154: =IF($L154=0,"",$H154-$I154) -> -6
A155: 153 | B155: 46082 | C155: BRIGHT | D155: KHALEEDOY | E155: 6 | F155: 6 | G155: Played | H155: =IF($G155="Walkover_Home",Settings!$B$10,IF($G155="Walkover_Away",Settings!$B$11,IF($G155="Cancelled","",IF($E155="","",$E155)))) -> 6 | I155: =IF($G155="Walkover_Home",Settings!$B$11,IF($G155="Walkover_Away",Settings!$B$10,IF($G155="Cancelled","",IF($F155="","",$F155)))) -> 6 | J155: =IF($L155=0,"",IF($G155="Walkover_Home",Settings!$B$7,IF($G155="Walkover_Away",Settings!$B$8,IF($H155>$I155,Settings!$B$3,IF($H155<$I155,Settings!$B$4,Settings!$B$5))))) -> 1 | K155: =IF($L155=0,"",IF($G155="Walkover_Home",Settings!$B$8,IF($G155="Walkover_Away",Settings!$B$7,IF($I155>$H155,Settings!$B$3,IF($I155<$H155,Settings!$B$4,Settings!$B$5))))) -> 1 | L155: =IF($G155="Cancelled",0,IF(OR($H155="", $I155=""),0,1)) -> 1 | M155: =IF($L155=0,"",IF($H155>$I155,1,0)) -> 0 | N155: =IF($L155=0,"",IF($H155=$I155,1,0)) -> 1 | O155: =IF($L155=0,"",IF($H155<$I155,1,0)) -> 0 | P155: =IF($L155=0,"",IF($I155>$H155,1,0)) -> 0 | Q155: =IF($L155=0,"",IF($I155=$H155,1,0)) -> 1 | R155: =IF($L155=0,"",IF($I155<$H155,1,0)) -> 0 | S155: =IF($L155=0,"",IF($H155>$I155,$C155,IF($H155<$I155,$D155,"Draw"))) -> Draw | U155: =IF($L155=0,"",$H155-$I155) -> 0 | V155: =IF($L155=0,"",$I155-$H155) -> 0 | W155: =IF($L155=0,"",$I155-$H155) -> 0 | X155: =IF($L155=0,"",$H155-$I155) -> 0
A156: 154 | B156: 46082 | C156: FLICK | D156: BAJI SNR | G156: Walkover_Away | H156: =IF($G156="Walkover_Home",Settings!$B$10,IF($G156="Walkover_Away",Settings!$B$11,IF($G156="Cancelled","",IF($E156="","",$E156)))) -> 0 | I156: =IF($G156="Walkover_Home",Settings!$B$11,IF($G156="Walkover_Away",Settings!$B$10,IF($G156="Cancelled","",IF($F156="","",$F156)))) -> 3 | J156: =IF($L156=0,"",IF($G156="Walkover_Home",Settings!$B$7,IF($G156="Walkover_Away",Settings!$B$8,IF($H156>$I156,Settings!$B$3,IF($H156<$I156,Settings!$B$4,Settings!$B$5))))) -> 0 | K156: =IF($L156=0,"",IF($G156="Walkover_Home",Settings!$B$8,IF($G156="Walkover_Away",Settings!$B$7,IF($I156>$H156,Settings!$B$3,IF($I156<$H156,Settings!$B$4,Settings!$B$5))))) -> 3 | L156: =IF($G156="Cancelled",0,IF(OR($H156="", $I156=""),0,1)) -> 1 | M156: =IF($L156=0,"",IF($H156>$I156,1,0)) -> 0 | N156: =IF($L156=0,"",IF($H156=$I156,1,0)) -> 0 | O156: =IF($L156=0,"",IF($H156<$I156,1,0)) -> 1 | P156: =IF($L156=0,"",IF($I156>$H156,1,0)) -> 1 | Q156: =IF($L156=0,"",IF($I156=$H156,1,0)) -> 0 | R156: =IF($L156=0,"",IF($I156<$H156,1,0)) -> 0 | S156: =IF($L156=0,"",IF($H156>$I156,$C156,IF($H156<$I156,$D156,"Draw"))) -> BAJI SNR | U156: =IF($L156=0,"",$H156-$I156) -> -3 | V156: =IF($L156=0,"",$I156-$H156) -> 3 | W156: =IF($L156=0,"",$I156-$H156) -> 3 | X156: =IF($L156=0,"",$H156-$I156) -> -3
A157: 155 | B157: 46082 | C157: KAYKAY | D157: GURU | E157: 8 | F157: 5 | G157: Played | H157: =IF($G157="Walkover_Home",Settings!$B$10,IF($G157="Walkover_Away",Settings!$B$11,IF($G157="Cancelled","",IF($E157="","",$E157)))) -> 8 | I157: =IF($G157="Walkover_Home",Settings!$B$11,IF($G157="Walkover_Away",Settings!$B$10,IF($G157="Cancelled","",IF($F157="","",$F157)))) -> 5 | J157: =IF($L157=0,"",IF($G157="Walkover_Home",Settings!$B$7,IF($G157="Walkover_Away",Settings!$B$8,IF($H157>$I157,Settings!$B$3,IF($H157<$I157,Settings!$B$4,Settings!$B$5))))) -> 3 | K157: =IF($L157=0,"",IF($G157="Walkover_Home",Settings!$B$8,IF($G157="Walkover_Away",Settings!$B$7,IF($I157>$H157,Settings!$B$3,IF($I157<$H157,Settings!$B$4,Settings!$B$5))))) -> 0 | L157: =IF($G157="Cancelled",0,IF(OR($H157="", $I157=""),0,1)) -> 1 | M157: =IF($L157=0,"",IF($H157>$I157,1,0)) -> 1 | N157: =IF($L157=0,"",IF($H157=$I157,1,0)) -> 0 | O157: =IF($L157=0,"",IF($H157<$I157,1,0)) -> 0 | P157: =IF($L157=0,"",IF($I157>$H157,1,0)) -> 0 | Q157: =IF($L157=0,"",IF($I157=$H157,1,0)) -> 0 | R157: =IF($L157=0,"",IF($I157<$H157,1,0)) -> 1 | S157: =IF($L157=0,"",IF($H157>$I157,$C157,IF($H157<$I157,$D157,"Draw"))) -> KAYKAY | U157: =IF($L157=0,"",$H157-$I157) -> 3 | V157: =IF($L157=0,"",$I157-$H157) -> -3 | W157: =IF($L157=0,"",$I157-$H157) -> -3 | X157: =IF($L157=0,"",$H157-$I157) -> 3
A158: 156 | B158: 46082 | C158: SIMPLYY UZO | D158: WOLEVATION | E158: 6 | F158: 9 | G158: Played | H158: =IF($G158="Walkover_Home",Settings!$B$10,IF($G158="Walkover_Away",Settings!$B$11,IF($G158="Cancelled","",IF($E158="","",$E158)))) -> 6 | I158: =IF($G158="Walkover_Home",Settings!$B$11,IF($G158="Walkover_Away",Settings!$B$10,IF($G158="Cancelled","",IF($F158="","",$F158)))) -> 9 | J158: =IF($L158=0,"",IF($G158="Walkover_Home",Settings!$B$7,IF($G158="Walkover_Away",Settings!$B$8,IF($H158>$I158,Settings!$B$3,IF($H158<$I158,Settings!$B$4,Settings!$B$5))))) -> 0 | K158: =IF($L158=0,"",IF($G158="Walkover_Home",Settings!$B$8,IF($G158="Walkover_Away",Settings!$B$7,IF($I158>$H158,Settings!$B$3,IF($I158<$H158,Settings!$B$4,Settings!$B$5))))) -> 3 | L158: =IF($G158="Cancelled",0,IF(OR($H158="", $I158=""),0,1)) -> 1 | M158: =IF($L158=0,"",IF($H158>$I158,1,0)) -> 0 | N158: =IF($L158=0,"",IF($H158=$I158,1,0)) -> 0 | O158: =IF($L158=0,"",IF($H158<$I158,1,0)) -> 1 | P158: =IF($L158=0,"",IF($I158>$H158,1,0)) -> 1 | Q158: =IF($L158=0,"",IF($I158=$H158,1,0)) -> 0 | R158: =IF($L158=0,"",IF($I158<$H158,1,0)) -> 0 | S158: =IF($L158=0,"",IF($H158>$I158,$C158,IF($H158<$I158,$D158,"Draw"))) -> WOLEVATION | U158: =IF($L158=0,"",$H158-$I158) -> -3 | V158: =IF($L158=0,"",$I158-$H158) -> 3 | W158: =IF($L158=0,"",$I158-$H158) -> 3 | X158: =IF($L158=0,"",$H158-$I158) -> -3
A159: 157 | B159: 46082 | C159: GAMEWITHJOSH | D159: YEMOLEE | E159: 2 | F159: 6 | G159: Played | H159: =IF($G159="Walkover_Home",Settings!$B$10,IF($G159="Walkover_Away",Settings!$B$11,IF($G159="Cancelled","",IF($E159="","",$E159)))) -> 2 | I159: =IF($G159="Walkover_Home",Settings!$B$11,IF($G159="Walkover_Away",Settings!$B$10,IF($G159="Cancelled","",IF($F159="","",$F159)))) -> 6 | J159: =IF($L159=0,"",IF($G159="Walkover_Home",Settings!$B$7,IF($G159="Walkover_Away",Settings!$B$8,IF($H159>$I159,Settings!$B$3,IF($H159<$I159,Settings!$B$4,Settings!$B$5))))) -> 0 | K159: =IF($L159=0,"",IF($G159="Walkover_Home",Settings!$B$8,IF($G159="Walkover_Away",Settings!$B$7,IF($I159>$H159,Settings!$B$3,IF($I159<$H159,Settings!$B$4,Settings!$B$5))))) -> 3 | L159: =IF($G159="Cancelled",0,IF(OR($H159="", $I159=""),0,1)) -> 1 | M159: =IF($L159=0,"",IF($H159>$I159,1,0)) -> 0 | N159: =IF($L159=0,"",IF($H159=$I159,1,0)) -> 0 | O159: =IF($L159=0,"",IF($H159<$I159,1,0)) -> 1 | P159: =IF($L159=0,"",IF($I159>$H159,1,0)) -> 1 | Q159: =IF($L159=0,"",IF($I159=$H159,1,0)) -> 0 | R159: =IF($L159=0,"",IF($I159<$H159,1,0)) -> 0 | S159: =IF($L159=0,"",IF($H159>$I159,$C159,IF($H159<$I159,$D159,"Draw"))) -> YEMOLEE | U159: =IF($L159=0,"",$H159-$I159) -> -4 | V159: =IF($L159=0,"",$I159-$H159) -> 4 | W159: =IF($L159=0,"",$I159-$H159) -> 4 | X159: =IF($L159=0,"",$H159-$I159) -> -4
A160: 158 | B160: 46082 | C160: BLAISE99 | D160: ANIFE | G160: Walkover_Away | H160: =IF($G160="Walkover_Home",Settings!$B$10,IF($G160="Walkover_Away",Settings!$B$11,IF($G160="Cancelled","",IF($E160="","",$E160)))) -> 0 | I160: =IF($G160="Walkover_Home",Settings!$B$11,IF($G160="Walkover_Away",Settings!$B$10,IF($G160="Cancelled","",IF($F160="","",$F160)))) -> 3 | J160: =IF($L160=0,"",IF($G160="Walkover_Home",Settings!$B$7,IF($G160="Walkover_Away",Settings!$B$8,IF($H160>$I160,Settings!$B$3,IF($H160<$I160,Settings!$B$4,Settings!$B$5))))) -> 0 | K160: =IF($L160=0,"",IF($G160="Walkover_Home",Settings!$B$8,IF($G160="Walkover_Away",Settings!$B$7,IF($I160>$H160,Settings!$B$3,IF($I160<$H160,Settings!$B$4,Settings!$B$5))))) -> 3 | L160: =IF($G160="Cancelled",0,IF(OR($H160="", $I160=""),0,1)) -> 1 | M160: =IF($L160=0,"",IF($H160>$I160,1,0)) -> 0 | N160: =IF($L160=0,"",IF($H160=$I160,1,0)) -> 0 | O160: =IF($L160=0,"",IF($H160<$I160,1,0)) -> 1 | P160: =IF($L160=0,"",IF($I160>$H160,1,0)) -> 1 | Q160: =IF($L160=0,"",IF($I160=$H160,1,0)) -> 0 | R160: =IF($L160=0,"",IF($I160<$H160,1,0)) -> 0 | S160: =IF($L160=0,"",IF($H160>$I160,$C160,IF($H160<$I160,$D160,"Draw"))) -> ANIFE | U160: =IF($L160=0,"",$H160-$I160) -> -3 | V160: =IF($L160=0,"",$I160-$H160) -> 3 | W160: =IF($L160=0,"",$I160-$H160) -> 3 | X160: =IF($L160=0,"",$H160-$I160) -> -3
A161: 159 | B161: 46082 | C161: KAYKAY | D161: DADABOI | E161: 4 | F161: 3 | G161: Played | H161: =IF($G161="Walkover_Home",Settings!$B$10,IF($G161="Walkover_Away",Settings!$B$11,IF($G161="Cancelled","",IF($E161="","",$E161)))) -> 4 | I161: =IF($G161="Walkover_Home",Settings!$B$11,IF($G161="Walkover_Away",Settings!$B$10,IF($G161="Cancelled","",IF($F161="","",$F161)))) -> 3 | J161: =IF($L161=0,"",IF($G161="Walkover_Home",Settings!$B$7,IF($G161="Walkover_Away",Settings!$B$8,IF($H161>$I161,Settings!$B$3,IF($H161<$I161,Settings!$B$4,Settings!$B$5))))) -> 3 | K161: =IF($L161=0,"",IF($G161="Walkover_Home",Settings!$B$8,IF($G161="Walkover_Away",Settings!$B$7,IF($I161>$H161,Settings!$B$3,IF($I161<$H161,Settings!$B$4,Settings!$B$5))))) -> 0 | L161: =IF($G161="Cancelled",0,IF(OR($H161="", $I161=""),0,1)) -> 1 | M161: =IF($L161=0,"",IF($H161>$I161,1,0)) -> 1 | N161: =IF($L161=0,"",IF($H161=$I161,1,0)) -> 0 | O161: =IF($L161=0,"",IF($H161<$I161,1,0)) -> 0 | P161: =IF($L161=0,"",IF($I161>$H161,1,0)) -> 0 | Q161: =IF($L161=0,"",IF($I161=$H161,1,0)) -> 0 | R161: =IF($L161=0,"",IF($I161<$H161,1,0)) -> 1 | S161: =IF($L161=0,"",IF($H161>$I161,$C161,IF($H161<$I161,$D161,"Draw"))) -> KAYKAY | U161: =IF($L161=0,"",$H161-$I161) -> 1 | V161: =IF($L161=0,"",$I161-$H161) -> -1 | W161: =IF($L161=0,"",$I161-$H161) -> -1 | X161: =IF($L161=0,"",$H161-$I161) -> 1
A162: 160 | B162: 46082 | C162: FLICK | D162: SIMPLYY UZO | G162: Walkover_Away | H162: =IF($G162="Walkover_Home",Settings!$B$10,IF($G162="Walkover_Away",Settings!$B$11,IF($G162="Cancelled","",IF($E162="","",$E162)))) -> 0 | I162: =IF($G162="Walkover_Home",Settings!$B$11,IF($G162="Walkover_Away",Settings!$B$10,IF($G162="Cancelled","",IF($F162="","",$F162)))) -> 3 | J162: =IF($L162=0,"",IF($G162="Walkover_Home",Settings!$B$7,IF($G162="Walkover_Away",Settings!$B$8,IF($H162>$I162,Settings!$B$3,IF($H162<$I162,Settings!$B$4,Settings!$B$5))))) -> 0 | K162: =IF($L162=0,"",IF($G162="Walkover_Home",Settings!$B$8,IF($G162="Walkover_Away",Settings!$B$7,IF($I162>$H162,Settings!$B$3,IF($I162<$H162,Settings!$B$4,Settings!$B$5))))) -> 3 | L162: =IF($G162="Cancelled",0,IF(OR($H162="", $I162=""),0,1)) -> 1 | M162: =IF($L162=0,"",IF($H162>$I162,1,0)) -> 0 | N162: =IF($L162=0,"",IF($H162=$I162,1,0)) -> 0 | O162: =IF($L162=0,"",IF($H162<$I162,1,0)) -> 1 | P162: =IF($L162=0,"",IF($I162>$H162,1,0)) -> 1 | Q162: =IF($L162=0,"",IF($I162=$H162,1,0)) -> 0 | R162: =IF($L162=0,"",IF($I162<$H162,1,0)) -> 0 | S162: =IF($L162=0,"",IF($H162>$I162,$C162,IF($H162<$I162,$D162,"Draw"))) -> SIMPLYY UZO | U162: =IF($L162=0,"",$H162-$I162) -> -3 | V162: =IF($L162=0,"",$I162-$H162) -> 3 | W162: =IF($L162=0,"",$I162-$H162) -> 3 | X162: =IF($L162=0,"",$H162-$I162) -> -3
A163: 161 | B163: 46082 | C163: DRACARYS | D163: SON OF GOD | E163: 2 | F163: 1 | G163: Played | H163: =IF($G163="Walkover_Home",Settings!$B$10,IF($G163="Walkover_Away",Settings!$B$11,IF($G163="Cancelled","",IF($E163="","",$E163)))) -> 2 | I163: =IF($G163="Walkover_Home",Settings!$B$11,IF($G163="Walkover_Away",Settings!$B$10,IF($G163="Cancelled","",IF($F163="","",$F163)))) -> 1 | J163: =IF($L163=0,"",IF($G163="Walkover_Home",Settings!$B$7,IF($G163="Walkover_Away",Settings!$B$8,IF($H163>$I163,Settings!$B$3,IF($H163<$I163,Settings!$B$4,Settings!$B$5))))) -> 3 | K163: =IF($L163=0,"",IF($G163="Walkover_Home",Settings!$B$8,IF($G163="Walkover_Away",Settings!$B$7,IF($I163>$H163,Settings!$B$3,IF($I163<$H163,Settings!$B$4,Settings!$B$5))))) -> 0 | L163: =IF($G163="Cancelled",0,IF(OR($H163="", $I163=""),0,1)) -> 1 | M163: =IF($L163=0,"",IF($H163>$I163,1,0)) -> 1 | N163: =IF($L163=0,"",IF($H163=$I163,1,0)) -> 0 | O163: =IF($L163=0,"",IF($H163<$I163,1,0)) -> 0 | P163: =IF($L163=0,"",IF($I163>$H163,1,0)) -> 0 | Q163: =IF($L163=0,"",IF($I163=$H163,1,0)) -> 0 | R163: =IF($L163=0,"",IF($I163<$H163,1,0)) -> 1 | S163: =IF($L163=0,"",IF($H163>$I163,$C163,IF($H163<$I163,$D163,"Draw"))) -> DRACARYS | U163: =IF($L163=0,"",$H163-$I163) -> 1 | V163: =IF($L163=0,"",$I163-$H163) -> -1 | W163: =IF($L163=0,"",$I163-$H163) -> -1 | X163: =IF($L163=0,"",$H163-$I163) -> 1
A164: 162 | B164: 46082 | C164: DRACARYS | D164: KHALEEDOY | E164: 4 | F164: 3 | G164: Played | H164: =IF($G164="Walkover_Home",Settings!$B$10,IF($G164="Walkover_Away",Settings!$B$11,IF($G164="Cancelled","",IF($E164="","",$E164)))) -> 4 | I164: =IF($G164="Walkover_Home",Settings!$B$11,IF($G164="Walkover_Away",Settings!$B$10,IF($G164="Cancelled","",IF($F164="","",$F164)))) -> 3 | J164: =IF($L164=0,"",IF($G164="Walkover_Home",Settings!$B$7,IF($G164="Walkover_Away",Settings!$B$8,IF($H164>$I164,Settings!$B$3,IF($H164<$I164,Settings!$B$4,Settings!$B$5))))) -> 3 | K164: =IF($L164=0,"",IF($G164="Walkover_Home",Settings!$B$8,IF($G164="Walkover_Away",Settings!$B$7,IF($I164>$H164,Settings!$B$3,IF($I164<$H164,Settings!$B$4,Settings!$B$5))))) -> 0 | L164: =IF($G164="Cancelled",0,IF(OR($H164="", $I164=""),0,1)) -> 1 | M164: =IF($L164=0,"",IF($H164>$I164,1,0)) -> 1 | N164: =IF($L164=0,"",IF($H164=$I164,1,0)) -> 0 | O164: =IF($L164=0,"",IF($H164<$I164,1,0)) -> 0 | P164: =IF($L164=0,"",IF($I164>$H164,1,0)) -> 0 | Q164: =IF($L164=0,"",IF($I164=$H164,1,0)) -> 0 | R164: =IF($L164=0,"",IF($I164<$H164,1,0)) -> 1 | S164: =IF($L164=0,"",IF($H164>$I164,$C164,IF($H164<$I164,$D164,"Draw"))) -> DRACARYS | U164: =IF($L164=0,"",$H164-$I164) -> 1 | V164: =IF($L164=0,"",$I164-$H164) -> -1 | W164: =IF($L164=0,"",$I164-$H164) -> -1 | X164: =IF($L164=0,"",$H164-$I164) -> 1
A165: 163 | B165: 46082 | C165: RHYMEZ | D165: MR OGA | E165: 4 | F165: 3 | G165: Played | H165: =IF($G165="Walkover_Home",Settings!$B$10,IF($G165="Walkover_Away",Settings!$B$11,IF($G165="Cancelled","",IF($E165="","",$E165)))) -> 4 | I165: =IF($G165="Walkover_Home",Settings!$B$11,IF($G165="Walkover_Away",Settings!$B$10,IF($G165="Cancelled","",IF($F165="","",$F165)))) -> 3 | J165: =IF($L165=0,"",IF($G165="Walkover_Home",Settings!$B$7,IF($G165="Walkover_Away",Settings!$B$8,IF($H165>$I165,Settings!$B$3,IF($H165<$I165,Settings!$B$4,Settings!$B$5))))) -> 3 | K165: =IF($L165=0,"",IF($G165="Walkover_Home",Settings!$B$8,IF($G165="Walkover_Away",Settings!$B$7,IF($I165>$H165,Settings!$B$3,IF($I165<$H165,Settings!$B$4,Settings!$B$5))))) -> 0 | L165: =IF($G165="Cancelled",0,IF(OR($H165="", $I165=""),0,1)) -> 1 | M165: =IF($L165=0,"",IF($H165>$I165,1,0)) -> 1 | N165: =IF($L165=0,"",IF($H165=$I165,1,0)) -> 0 | O165: =IF($L165=0,"",IF($H165<$I165,1,0)) -> 0 | P165: =IF($L165=0,"",IF($I165>$H165,1,0)) -> 0 | Q165: =IF($L165=0,"",IF($I165=$H165,1,0)) -> 0 | R165: =IF($L165=0,"",IF($I165<$H165,1,0)) -> 1 | S165: =IF($L165=0,"",IF($H165>$I165,$C165,IF($H165<$I165,$D165,"Draw"))) -> RHYMEZ | U165: =IF($L165=0,"",$H165-$I165) -> 1 | V165: =IF($L165=0,"",$I165-$H165) -> -1 | W165: =IF($L165=0,"",$I165-$H165) -> -1 | X165: =IF($L165=0,"",$H165-$I165) -> 1
A166: 164 | B166: 46082 | C166: TACTICAL | D166: DADABOI | E166: 5 | F166: 6 | G166: Played | H166: =IF($G166="Walkover_Home",Settings!$B$10,IF($G166="Walkover_Away",Settings!$B$11,IF($G166="Cancelled","",IF($E166="","",$E166)))) -> 5 | I166: =IF($G166="Walkover_Home",Settings!$B$11,IF($G166="Walkover_Away",Settings!$B$10,IF($G166="Cancelled","",IF($F166="","",$F166)))) -> 6 | J166: =IF($L166=0,"",IF($G166="Walkover_Home",Settings!$B$7,IF($G166="Walkover_Away",Settings!$B$8,IF($H166>$I166,Settings!$B$3,IF($H166<$I166,Settings!$B$4,Settings!$B$5))))) -> 0 | K166: =IF($L166=0,"",IF($G166="Walkover_Home",Settings!$B$8,IF($G166="Walkover_Away",Settings!$B$7,IF($I166>$H166,Settings!$B$3,IF($I166<$H166,Settings!$B$4,Settings!$B$5))))) -> 3 | L166: =IF($G166="Cancelled",0,IF(OR($H166="", $I166=""),0,1)) -> 1 | M166: =IF($L166=0,"",IF($H166>$I166,1,0)) -> 0 | N166: =IF($L166=0,"",IF($H166=$I166,1,0)) -> 0 | O166: =IF($L166=0,"",IF($H166<$I166,1,0)) -> 1 | P166: =IF($L166=0,"",IF($I166>$H166,1,0)) -> 1 | Q166: =IF($L166=0,"",IF($I166=$H166,1,0)) -> 0 | R166: =IF($L166=0,"",IF($I166<$H166,1,0)) -> 0 | S166: =IF($L166=0,"",IF($H166>$I166,$C166,IF($H166<$I166,$D166,"Draw"))) -> DADABOI | U166: =IF($L166=0,"",$H166-$I166) -> -1 | V166: =IF($L166=0,"",$I166-$H166) -> 1 | W166: =IF($L166=0,"",$I166-$H166) -> 1 | X166: =IF($L166=0,"",$H166-$I166) -> -1
A167: 165 | B167: 46088 | C167: DADABOI | D167: GURU | E167: 3 | F167: 4 | G167: Played | H167: =IF($G167="Walkover_Home",Settings!$B$10,IF($G167="Walkover_Away",Settings!$B$11,IF($G167="Cancelled","",IF($E167="","",$E167)))) -> 3 | I167: =IF($G167="Walkover_Home",Settings!$B$11,IF($G167="Walkover_Away",Settings!$B$10,IF($G167="Cancelled","",IF($F167="","",$F167)))) -> 4 | J167: =IF($L167=0,"",IF($G167="Walkover_Home",Settings!$B$7,IF($G167="Walkover_Away",Settings!$B$8,IF($H167>$I167,Settings!$B$3,IF($H167<$I167,Settings!$B$4,Settings!$B$5))))) -> 0 | K167: =IF($L167=0,"",IF($G167="Walkover_Home",Settings!$B$8,IF($G167="Walkover_Away",Settings!$B$7,IF($I167>$H167,Settings!$B$3,IF($I167<$H167,Settings!$B$4,Settings!$B$5))))) -> 3 | L167: =IF($G167="Cancelled",0,IF(OR($H167="", $I167=""),0,1)) -> 1 | M167: =IF($L167=0,"",IF($H167>$I167,1,0)) -> 0 | N167: =IF($L167=0,"",IF($H167=$I167,1,0)) -> 0 | O167: =IF($L167=0,"",IF($H167<$I167,1,0)) -> 1 | P167: =IF($L167=0,"",IF($I167>$H167,1,0)) -> 1 | Q167: =IF($L167=0,"",IF($I167=$H167,1,0)) -> 0 | R167: =IF($L167=0,"",IF($I167<$H167,1,0)) -> 0 | S167: =IF($L167=0,"",IF($H167>$I167,$C167,IF($H167<$I167,$D167,"Draw"))) -> GURU | U167: =IF($L167=0,"",$H167-$I167) -> -1 | V167: =IF($L167=0,"",$I167-$H167) -> 1 | W167: =IF($L167=0,"",$I167-$H167) -> 1 | X167: =IF($L167=0,"",$H167-$I167) -> -1
A168: 166 | B168: 46088 | C168: RHYMEZ | D168: FLICK | E168: 7 | F168: 2 | G168: Played | H168: =IF($G168="Walkover_Home",Settings!$B$10,IF($G168="Walkover_Away",Settings!$B$11,IF($G168="Cancelled","",IF($E168="","",$E168)))) -> 7 | I168: =IF($G168="Walkover_Home",Settings!$B$11,IF($G168="Walkover_Away",Settings!$B$10,IF($G168="Cancelled","",IF($F168="","",$F168)))) -> 2 | J168: =IF($L168=0,"",IF($G168="Walkover_Home",Settings!$B$7,IF($G168="Walkover_Away",Settings!$B$8,IF($H168>$I168,Settings!$B$3,IF($H168<$I168,Settings!$B$4,Settings!$B$5))))) -> 3 | K168: =IF($L168=0,"",IF($G168="Walkover_Home",Settings!$B$8,IF($G168="Walkover_Away",Settings!$B$7,IF($I168>$H168,Settings!$B$3,IF($I168<$H168,Settings!$B$4,Settings!$B$5))))) -> 0 | L168: =IF($G168="Cancelled",0,IF(OR($H168="", $I168=""),0,1)) -> 1 | M168: =IF($L168=0,"",IF($H168>$I168,1,0)) -> 1 | N168: =IF($L168=0,"",IF($H168=$I168,1,0)) -> 0 | O168: =IF($L168=0,"",IF($H168<$I168,1,0)) -> 0 | P168: =IF($L168=0,"",IF($I168>$H168,1,0)) -> 0 | Q168: =IF($L168=0,"",IF($I168=$H168,1,0)) -> 0 | R168: =IF($L168=0,"",IF($I168<$H168,1,0)) -> 1 | S168: =IF($L168=0,"",IF($H168>$I168,$C168,IF($H168<$I168,$D168,"Draw"))) -> RHYMEZ | U168: =IF($L168=0,"",$H168-$I168) -> 5 | V168: =IF($L168=0,"",$I168-$H168) -> -5 | W168: =IF($L168=0,"",$I168-$H168) -> -5 | X168: =IF($L168=0,"",$H168-$I168) -> 5
A169: 167 | B169: 46088 | C169: KINGNONEX | D169: SON OF GOD | G169: Walkover_Home | H169: =IF($G169="Walkover_Home",Settings!$B$10,IF($G169="Walkover_Away",Settings!$B$11,IF($G169="Cancelled","",IF($E169="","",$E169)))) -> 3 | I169: =IF($G169="Walkover_Home",Settings!$B$11,IF($G169="Walkover_Away",Settings!$B$10,IF($G169="Cancelled","",IF($F169="","",$F169)))) -> 0 | J169: =IF($L169=0,"",IF($G169="Walkover_Home",Settings!$B$7,IF($G169="Walkover_Away",Settings!$B$8,IF($H169>$I169,Settings!$B$3,IF($H169<$I169,Settings!$B$4,Settings!$B$5))))) -> 3 | K169: =IF($L169=0,"",IF($G169="Walkover_Home",Settings!$B$8,IF($G169="Walkover_Away",Settings!$B$7,IF($I169>$H169,Settings!$B$3,IF($I169<$H169,Settings!$B$4,Settings!$B$5))))) -> 0 | L169: =IF($G169="Cancelled",0,IF(OR($H169="", $I169=""),0,1)) -> 1 | M169: =IF($L169=0,"",IF($H169>$I169,1,0)) -> 1 | N169: =IF($L169=0,"",IF($H169=$I169,1,0)) -> 0 | O169: =IF($L169=0,"",IF($H169<$I169,1,0)) -> 0 | P169: =IF($L169=0,"",IF($I169>$H169,1,0)) -> 0 | Q169: =IF($L169=0,"",IF($I169=$H169,1,0)) -> 0 | R169: =IF($L169=0,"",IF($I169<$H169,1,0)) -> 1 | S169: =IF($L169=0,"",IF($H169>$I169,$C169,IF($H169<$I169,$D169,"Draw"))) -> KINGNONEX | U169: =IF($L169=0,"",$H169-$I169) -> 3 | V169: =IF($L169=0,"",$I169-$H169) -> -3 | W169: =IF($L169=0,"",$I169-$H169) -> -3 | X169: =IF($L169=0,"",$H169-$I169) -> 3
A170: 168 | B170: 46088 | C170: BLAISE99 | D170: SIMPLYY UZO | G170: Cancelled | H170: =IF($G170="Walkover_Home",Settings!$B$10,IF($G170="Walkover_Away",Settings!$B$11,IF($G170="Cancelled","",IF($E170="","",$E170)))) | I170: =IF($G170="Walkover_Home",Settings!$B$11,IF($G170="Walkover_Away",Settings!$B$10,IF($G170="Cancelled","",IF($F170="","",$F170)))) | J170: =IF($L170=0,"",IF($G170="Walkover_Home",Settings!$B$7,IF($G170="Walkover_Away",Settings!$B$8,IF($H170>$I170,Settings!$B$3,IF($H170<$I170,Settings!$B$4,Settings!$B$5))))) | K170: =IF($L170=0,"",IF($G170="Walkover_Home",Settings!$B$8,IF($G170="Walkover_Away",Settings!$B$7,IF($I170>$H170,Settings!$B$3,IF($I170<$H170,Settings!$B$4,Settings!$B$5))))) | L170: =IF($G170="Cancelled",0,IF(OR($H170="", $I170=""),0,1)) -> 0 | M170: =IF($L170=0,"",IF($H170>$I170,1,0)) | N170: =IF($L170=0,"",IF($H170=$I170,1,0)) | O170: =IF($L170=0,"",IF($H170<$I170,1,0)) | P170: =IF($L170=0,"",IF($I170>$H170,1,0)) | Q170: =IF($L170=0,"",IF($I170=$H170,1,0)) | R170: =IF($L170=0,"",IF($I170<$H170,1,0)) | S170: =IF($L170=0,"",IF($H170>$I170,$C170,IF($H170<$I170,$D170,"Draw"))) | U170: =IF($L170=0,"",$H170-$I170) | V170: =IF($L170=0,"",$I170-$H170) | W170: =IF($L170=0,"",$I170-$H170) | X170: =IF($L170=0,"",$H170-$I170)
A171: 169 | B171: 46088 | C171: DRACARYS | D171: MR OGA | E171: 6 | F171: 8 | G171: Played | H171: =IF($G171="Walkover_Home",Settings!$B$10,IF($G171="Walkover_Away",Settings!$B$11,IF($G171="Cancelled","",IF($E171="","",$E171)))) -> 6 | I171: =IF($G171="Walkover_Home",Settings!$B$11,IF($G171="Walkover_Away",Settings!$B$10,IF($G171="Cancelled","",IF($F171="","",$F171)))) -> 8 | J171: =IF($L171=0,"",IF($G171="Walkover_Home",Settings!$B$7,IF($G171="Walkover_Away",Settings!$B$8,IF($H171>$I171,Settings!$B$3,IF($H171<$I171,Settings!$B$4,Settings!$B$5))))) -> 0 | K171: =IF($L171=0,"",IF($G171="Walkover_Home",Settings!$B$8,IF($G171="Walkover_Away",Settings!$B$7,IF($I171>$H171,Settings!$B$3,IF($I171<$H171,Settings!$B$4,Settings!$B$5))))) -> 3 | L171: =IF($G171="Cancelled",0,IF(OR($H171="", $I171=""),0,1)) -> 1 | M171: =IF($L171=0,"",IF($H171>$I171,1,0)) -> 0 | N171: =IF($L171=0,"",IF($H171=$I171,1,0)) -> 0 | O171: =IF($L171=0,"",IF($H171<$I171,1,0)) -> 1 | P171: =IF($L171=0,"",IF($I171>$H171,1,0)) -> 1 | Q171: =IF($L171=0,"",IF($I171=$H171,1,0)) -> 0 | R171: =IF($L171=0,"",IF($I171<$H171,1,0)) -> 0 | S171: =IF($L171=0,"",IF($H171>$I171,$C171,IF($H171<$I171,$D171,"Draw"))) -> MR OGA | U171: =IF($L171=0,"",$H171-$I171) -> -2 | V171: =IF($L171=0,"",$I171-$H171) -> 2 | W171: =IF($L171=0,"",$I171-$H171) -> 2 | X171: =IF($L171=0,"",$H171-$I171) -> -2
A172: 170 | B172: 46088 | C172: DADABOI | D172: BALO K | E172: 9 | F172: 1 | G172: Played | H172: =IF($G172="Walkover_Home",Settings!$B$10,IF($G172="Walkover_Away",Settings!$B$11,IF($G172="Cancelled","",IF($E172="","",$E172)))) -> 9 | I172: =IF($G172="Walkover_Home",Settings!$B$11,IF($G172="Walkover_Away",Settings!$B$10,IF($G172="Cancelled","",IF($F172="","",$F172)))) -> 1 | J172: =IF($L172=0,"",IF($G172="Walkover_Home",Settings!$B$7,IF($G172="Walkover_Away",Settings!$B$8,IF($H172>$I172,Settings!$B$3,IF($H172<$I172,Settings!$B$4,Settings!$B$5))))) -> 3 | K172: =IF($L172=0,"",IF($G172="Walkover_Home",Settings!$B$8,IF($G172="Walkover_Away",Settings!$B$7,IF($I172>$H172,Settings!$B$3,IF($I172<$H172,Settings!$B$4,Settings!$B$5))))) -> 0 | L172: =IF($G172="Cancelled",0,IF(OR($H172="", $I172=""),0,1)) -> 1 | M172: =IF($L172=0,"",IF($H172>$I172,1,0)) -> 1 | N172: =IF($L172=0,"",IF($H172=$I172,1,0)) -> 0 | O172: =IF($L172=0,"",IF($H172<$I172,1,0)) -> 0 | P172: =IF($L172=0,"",IF($I172>$H172,1,0)) -> 0 | Q172: =IF($L172=0,"",IF($I172=$H172,1,0)) -> 0 | R172: =IF($L172=0,"",IF($I172<$H172,1,0)) -> 1 | S172: =IF($L172=0,"",IF($H172>$I172,$C172,IF($H172<$I172,$D172,"Draw"))) -> DADABOI | U172: =IF($L172=0,"",$H172-$I172) -> 8 | V172: =IF($L172=0,"",$I172-$H172) -> -8 | W172: =IF($L172=0,"",$I172-$H172) -> -8 | X172: =IF($L172=0,"",$H172-$I172) -> 8
A173: 171 | B173: 46088 | C173: ANIFE | D173: YEMOLEE | E173: 6 | F173: 6 | G173: Played | H173: =IF($G173="Walkover_Home",Settings!$B$10,IF($G173="Walkover_Away",Settings!$B$11,IF($G173="Cancelled","",IF($E173="","",$E173)))) -> 6 | I173: =IF($G173="Walkover_Home",Settings!$B$11,IF($G173="Walkover_Away",Settings!$B$10,IF($G173="Cancelled","",IF($F173="","",$F173)))) -> 6 | J173: =IF($L173=0,"",IF($G173="Walkover_Home",Settings!$B$7,IF($G173="Walkover_Away",Settings!$B$8,IF($H173>$I173,Settings!$B$3,IF($H173<$I173,Settings!$B$4,Settings!$B$5))))) -> 1 | K173: =IF($L173=0,"",IF($G173="Walkover_Home",Settings!$B$8,IF($G173="Walkover_Away",Settings!$B$7,IF($I173>$H173,Settings!$B$3,IF($I173<$H173,Settings!$B$4,Settings!$B$5))))) -> 1 | L173: =IF($G173="Cancelled",0,IF(OR($H173="", $I173=""),0,1)) -> 1 | M173: =IF($L173=0,"",IF($H173>$I173,1,0)) -> 0 | N173: =IF($L173=0,"",IF($H173=$I173,1,0)) -> 1 | O173: =IF($L173=0,"",IF($H173<$I173,1,0)) -> 0 | P173: =IF($L173=0,"",IF($I173>$H173,1,0)) -> 0 | Q173: =IF($L173=0,"",IF($I173=$H173,1,0)) -> 1 | R173: =IF($L173=0,"",IF($I173<$H173,1,0)) -> 0 | S173: =IF($L173=0,"",IF($H173>$I173,$C173,IF($H173<$I173,$D173,"Draw"))) -> Draw | U173: =IF($L173=0,"",$H173-$I173) -> 0 | V173: =IF($L173=0,"",$I173-$H173) -> 0 | W173: =IF($L173=0,"",$I173-$H173) -> 0 | X173: =IF($L173=0,"",$H173-$I173) -> 0
A174: 172 | B174: 46088 | C174: BRIGHT | D174: TACTICAL | E174: 3 | F174: 6 | G174: Played | H174: =IF($G174="Walkover_Home",Settings!$B$10,IF($G174="Walkover_Away",Settings!$B$11,IF($G174="Cancelled","",IF($E174="","",$E174)))) -> 3 | I174: =IF($G174="Walkover_Home",Settings!$B$11,IF($G174="Walkover_Away",Settings!$B$10,IF($G174="Cancelled","",IF($F174="","",$F174)))) -> 6 | J174: =IF($L174=0,"",IF($G174="Walkover_Home",Settings!$B$7,IF($G174="Walkover_Away",Settings!$B$8,IF($H174>$I174,Settings!$B$3,IF($H174<$I174,Settings!$B$4,Settings!$B$5))))) -> 0 | K174: =IF($L174=0,"",IF($G174="Walkover_Home",Settings!$B$8,IF($G174="Walkover_Away",Settings!$B$7,IF($I174>$H174,Settings!$B$3,IF($I174<$H174,Settings!$B$4,Settings!$B$5))))) -> 3 | L174: =IF($G174="Cancelled",0,IF(OR($H174="", $I174=""),0,1)) -> 1 | M174: =IF($L174=0,"",IF($H174>$I174,1,0)) -> 0 | N174: =IF($L174=0,"",IF($H174=$I174,1,0)) -> 0 | O174: =IF($L174=0,"",IF($H174<$I174,1,0)) -> 1 | P174: =IF($L174=0,"",IF($I174>$H174,1,0)) -> 1 | Q174: =IF($L174=0,"",IF($I174=$H174,1,0)) -> 0 | R174: =IF($L174=0,"",IF($I174<$H174,1,0)) -> 0 | S174: =IF($L174=0,"",IF($H174>$I174,$C174,IF($H174<$I174,$D174,"Draw"))) -> TACTICAL | U174: =IF($L174=0,"",$H174-$I174) -> -3 | V174: =IF($L174=0,"",$I174-$H174) -> 3 | W174: =IF($L174=0,"",$I174-$H174) -> 3 | X174: =IF($L174=0,"",$H174-$I174) -> -3
A175: 173 | B175: 46088 | C175: WOLEVATION | D175: GURU | E175: 4 | F175: 5 | G175: Played | H175: =IF($G175="Walkover_Home",Settings!$B$10,IF($G175="Walkover_Away",Settings!$B$11,IF($G175="Cancelled","",IF($E175="","",$E175)))) -> 4 | I175: =IF($G175="Walkover_Home",Settings!$B$11,IF($G175="Walkover_Away",Settings!$B$10,IF($G175="Cancelled","",IF($F175="","",$F175)))) -> 5 | J175: =IF($L175=0,"",IF($G175="Walkover_Home",Settings!$B$7,IF($G175="Walkover_Away",Settings!$B$8,IF($H175>$I175,Settings!$B$3,IF($H175<$I175,Settings!$B$4,Settings!$B$5))))) -> 0 | K175: =IF($L175=0,"",IF($G175="Walkover_Home",Settings!$B$8,IF($G175="Walkover_Away",Settings!$B$7,IF($I175>$H175,Settings!$B$3,IF($I175<$H175,Settings!$B$4,Settings!$B$5))))) -> 3 | L175: =IF($G175="Cancelled",0,IF(OR($H175="", $I175=""),0,1)) -> 1 | M175: =IF($L175=0,"",IF($H175>$I175,1,0)) -> 0 | N175: =IF($L175=0,"",IF($H175=$I175,1,0)) -> 0 | O175: =IF($L175=0,"",IF($H175<$I175,1,0)) -> 1 | P175: =IF($L175=0,"",IF($I175>$H175,1,0)) -> 1 | Q175: =IF($L175=0,"",IF($I175=$H175,1,0)) -> 0 | R175: =IF($L175=0,"",IF($I175<$H175,1,0)) -> 0 | S175: =IF($L175=0,"",IF($H175>$I175,$C175,IF($H175<$I175,$D175,"Draw"))) -> GURU | U175: =IF($L175=0,"",$H175-$I175) -> -1 | V175: =IF($L175=0,"",$I175-$H175) -> 1 | W175: =IF($L175=0,"",$I175-$H175) -> 1 | X175: =IF($L175=0,"",$H175-$I175) -> -1
A176: 174 | B176: 46088 | C176: FLICK | D176: KINGNONEX | E176: 1 | F176: 10 | G176: Played | H176: =IF($G176="Walkover_Home",Settings!$B$10,IF($G176="Walkover_Away",Settings!$B$11,IF($G176="Cancelled","",IF($E176="","",$E176)))) -> 1 | I176: =IF($G176="Walkover_Home",Settings!$B$11,IF($G176="Walkover_Away",Settings!$B$10,IF($G176="Cancelled","",IF($F176="","",$F176)))) -> 10 | J176: =IF($L176=0,"",IF($G176="Walkover_Home",Settings!$B$7,IF($G176="Walkover_Away",Settings!$B$8,IF($H176>$I176,Settings!$B$3,IF($H176<$I176,Settings!$B$4,Settings!$B$5))))) -> 0 | K176: =IF($L176=0,"",IF($G176="Walkover_Home",Settings!$B$8,IF($G176="Walkover_Away",Settings!$B$7,IF($I176>$H176,Settings!$B$3,IF($I176<$H176,Settings!$B$4,Settings!$B$5))))) -> 3 | L176: =IF($G176="Cancelled",0,IF(OR($H176="", $I176=""),0,1)) -> 1 | M176: =IF($L176=0,"",IF($H176>$I176,1,0)) -> 0 | N176: =IF($L176=0,"",IF($H176=$I176,1,0)) -> 0 | O176: =IF($L176=0,"",IF($H176<$I176,1,0)) -> 1 | P176: =IF($L176=0,"",IF($I176>$H176,1,0)) -> 1 | Q176: =IF($L176=0,"",IF($I176=$H176,1,0)) -> 0 | R176: =IF($L176=0,"",IF($I176<$H176,1,0)) -> 0 | S176: =IF($L176=0,"",IF($H176>$I176,$C176,IF($H176<$I176,$D176,"Draw"))) -> KINGNONEX | U176: =IF($L176=0,"",$H176-$I176) -> -9 | V176: =IF($L176=0,"",$I176-$H176) -> 9 | W176: =IF($L176=0,"",$I176-$H176) -> 9 | X176: =IF($L176=0,"",$H176-$I176) -> -9
A177: 175 | B177: 46088 | C177: YEMOLEE | D177: TACTICAL | E177: 4 | F177: 4 | G177: Played | H177: =IF($G177="Walkover_Home",Settings!$B$10,IF($G177="Walkover_Away",Settings!$B$11,IF($G177="Cancelled","",IF($E177="","",$E177)))) -> 4 | I177: =IF($G177="Walkover_Home",Settings!$B$11,IF($G177="Walkover_Away",Settings!$B$10,IF($G177="Cancelled","",IF($F177="","",$F177)))) -> 4 | J177: =IF($L177=0,"",IF($G177="Walkover_Home",Settings!$B$7,IF($G177="Walkover_Away",Settings!$B$8,IF($H177>$I177,Settings!$B$3,IF($H177<$I177,Settings!$B$4,Settings!$B$5))))) -> 1 | K177: =IF($L177=0,"",IF($G177="Walkover_Home",Settings!$B$8,IF($G177="Walkover_Away",Settings!$B$7,IF($I177>$H177,Settings!$B$3,IF($I177<$H177,Settings!$B$4,Settings!$B$5))))) -> 1 | L177: =IF($G177="Cancelled",0,IF(OR($H177="", $I177=""),0,1)) -> 1 | M177: =IF($L177=0,"",IF($H177>$I177,1,0)) -> 0 | N177: =IF($L177=0,"",IF($H177=$I177,1,0)) -> 1 | O177: =IF($L177=0,"",IF($H177<$I177,1,0)) -> 0 | P177: =IF($L177=0,"",IF($I177>$H177,1,0)) -> 0 | Q177: =IF($L177=0,"",IF($I177=$H177,1,0)) -> 1 | R177: =IF($L177=0,"",IF($I177<$H177,1,0)) -> 0 | S177: =IF($L177=0,"",IF($H177>$I177,$C177,IF($H177<$I177,$D177,"Draw"))) -> Draw | U177: =IF($L177=0,"",$H177-$I177) -> 0 | V177: =IF($L177=0,"",$I177-$H177) -> 0 | W177: =IF($L177=0,"",$I177-$H177) -> 0 | X177: =IF($L177=0,"",$H177-$I177) -> 0
A178: 176 | B178: 46088 | C178: BALO K | D178: DRACARYS | E178: 3 | F178: 7 | G178: Played | H178: =IF($G178="Walkover_Home",Settings!$B$10,IF($G178="Walkover_Away",Settings!$B$11,IF($G178="Cancelled","",IF($E178="","",$E178)))) -> 3 | I178: =IF($G178="Walkover_Home",Settings!$B$11,IF($G178="Walkover_Away",Settings!$B$10,IF($G178="Cancelled","",IF($F178="","",$F178)))) -> 7 | J178: =IF($L178=0,"",IF($G178="Walkover_Home",Settings!$B$7,IF($G178="Walkover_Away",Settings!$B$8,IF($H178>$I178,Settings!$B$3,IF($H178<$I178,Settings!$B$4,Settings!$B$5))))) -> 0 | K178: =IF($L178=0,"",IF($G178="Walkover_Home",Settings!$B$8,IF($G178="Walkover_Away",Settings!$B$7,IF($I178>$H178,Settings!$B$3,IF($I178<$H178,Settings!$B$4,Settings!$B$5))))) -> 3 | L178: =IF($G178="Cancelled",0,IF(OR($H178="", $I178=""),0,1)) -> 1 | M178: =IF($L178=0,"",IF($H178>$I178,1,0)) -> 0 | N178: =IF($L178=0,"",IF($H178=$I178,1,0)) -> 0 | O178: =IF($L178=0,"",IF($H178<$I178,1,0)) -> 1 | P178: =IF($L178=0,"",IF($I178>$H178,1,0)) -> 1 | Q178: =IF($L178=0,"",IF($I178=$H178,1,0)) -> 0 | R178: =IF($L178=0,"",IF($I178<$H178,1,0)) -> 0 | S178: =IF($L178=0,"",IF($H178>$I178,$C178,IF($H178<$I178,$D178,"Draw"))) -> DRACARYS | U178: =IF($L178=0,"",$H178-$I178) -> -4 | V178: =IF($L178=0,"",$I178-$H178) -> 4 | W178: =IF($L178=0,"",$I178-$H178) -> 4 | X178: =IF($L178=0,"",$H178-$I178) -> -4
A179: 177 | B179: 46088 | C179: WOLEVATION | D179: KAYKAY | E179: 3 | F179: 4 | G179: Played | H179: =IF($G179="Walkover_Home",Settings!$B$10,IF($G179="Walkover_Away",Settings!$B$11,IF($G179="Cancelled","",IF($E179="","",$E179)))) -> 3 | I179: =IF($G179="Walkover_Home",Settings!$B$11,IF($G179="Walkover_Away",Settings!$B$10,IF($G179="Cancelled","",IF($F179="","",$F179)))) -> 4 | J179: =IF($L179=0,"",IF($G179="Walkover_Home",Settings!$B$7,IF($G179="Walkover_Away",Settings!$B$8,IF($H179>$I179,Settings!$B$3,IF($H179<$I179,Settings!$B$4,Settings!$B$5))))) -> 0 | K179: =IF($L179=0,"",IF($G179="Walkover_Home",Settings!$B$8,IF($G179="Walkover_Away",Settings!$B$7,IF($I179>$H179,Settings!$B$3,IF($I179<$H179,Settings!$B$4,Settings!$B$5))))) -> 3 | L179: =IF($G179="Cancelled",0,IF(OR($H179="", $I179=""),0,1)) -> 1 | M179: =IF($L179=0,"",IF($H179>$I179,1,0)) -> 0 | N179: =IF($L179=0,"",IF($H179=$I179,1,0)) -> 0 | O179: =IF($L179=0,"",IF($H179<$I179,1,0)) -> 1 | P179: =IF($L179=0,"",IF($I179>$H179,1,0)) -> 1 | Q179: =IF($L179=0,"",IF($I179=$H179,1,0)) -> 0 | R179: =IF($L179=0,"",IF($I179<$H179,1,0)) -> 0 | S179: =IF($L179=0,"",IF($H179>$I179,$C179,IF($H179<$I179,$D179,"Draw"))) -> KAYKAY | U179: =IF($L179=0,"",$H179-$I179) -> -1 | V179: =IF($L179=0,"",$I179-$H179) -> 1 | W179: =IF($L179=0,"",$I179-$H179) -> 1 | X179: =IF($L179=0,"",$H179-$I179) -> -1
A180: 178 | B180: 46088 | C180: BAJI SNR | D180: KAYKAY | G180: Walkover_Away | H180: =IF($G180="Walkover_Home",Settings!$B$10,IF($G180="Walkover_Away",Settings!$B$11,IF($G180="Cancelled","",IF($E180="","",$E180)))) -> 0 | I180: =IF($G180="Walkover_Home",Settings!$B$11,IF($G180="Walkover_Away",Settings!$B$10,IF($G180="Cancelled","",IF($F180="","",$F180)))) -> 3 | J180: =IF($L180=0,"",IF($G180="Walkover_Home",Settings!$B$7,IF($G180="Walkover_Away",Settings!$B$8,IF($H180>$I180,Settings!$B$3,IF($H180<$I180,Settings!$B$4,Settings!$B$5))))) -> 0 | K180: =IF($L180=0,"",IF($G180="Walkover_Home",Settings!$B$8,IF($G180="Walkover_Away",Settings!$B$7,IF($I180>$H180,Settings!$B$3,IF($I180<$H180,Settings!$B$4,Settings!$B$5))))) -> 3 | L180: =IF($G180="Cancelled",0,IF(OR($H180="", $I180=""),0,1)) -> 1 | M180: =IF($L180=0,"",IF($H180>$I180,1,0)) -> 0 | N180: =IF($L180=0,"",IF($H180=$I180,1,0)) -> 0 | O180: =IF($L180=0,"",IF($H180<$I180,1,0)) -> 1 | P180: =IF($L180=0,"",IF($I180>$H180,1,0)) -> 1 | Q180: =IF($L180=0,"",IF($I180=$H180,1,0)) -> 0 | R180: =IF($L180=0,"",IF($I180<$H180,1,0)) -> 0 | S180: =IF($L180=0,"",IF($H180>$I180,$C180,IF($H180<$I180,$D180,"Draw"))) -> KAYKAY | U180: =IF($L180=0,"",$H180-$I180) -> -3 | V180: =IF($L180=0,"",$I180-$H180) -> 3 | W180: =IF($L180=0,"",$I180-$H180) -> 3 | X180: =IF($L180=0,"",$H180-$I180) -> -3
A181: 179 | B181: 46089 | C181: BAJI SNR | D181: DADABOI | G181: Walkover_Away | H181: =IF($G181="Walkover_Home",Settings!$B$10,IF($G181="Walkover_Away",Settings!$B$11,IF($G181="Cancelled","",IF($E181="","",$E181)))) -> 0 | I181: =IF($G181="Walkover_Home",Settings!$B$11,IF($G181="Walkover_Away",Settings!$B$10,IF($G181="Cancelled","",IF($F181="","",$F181)))) -> 3 | J181: =IF($L181=0,"",IF($G181="Walkover_Home",Settings!$B$7,IF($G181="Walkover_Away",Settings!$B$8,IF($H181>$I181,Settings!$B$3,IF($H181<$I181,Settings!$B$4,Settings!$B$5))))) -> 0 | K181: =IF($L181=0,"",IF($G181="Walkover_Home",Settings!$B$8,IF($G181="Walkover_Away",Settings!$B$7,IF($I181>$H181,Settings!$B$3,IF($I181<$H181,Settings!$B$4,Settings!$B$5))))) -> 3 | L181: =IF($G181="Cancelled",0,IF(OR($H181="", $I181=""),0,1)) -> 1 | M181: =IF($L181=0,"",IF($H181>$I181,1,0)) -> 0 | N181: =IF($L181=0,"",IF($H181=$I181,1,0)) -> 0 | O181: =IF($L181=0,"",IF($H181<$I181,1,0)) -> 1 | P181: =IF($L181=0,"",IF($I181>$H181,1,0)) -> 1 | Q181: =IF($L181=0,"",IF($I181=$H181,1,0)) -> 0 | R181: =IF($L181=0,"",IF($I181<$H181,1,0)) -> 0 | S181: =IF($L181=0,"",IF($H181>$I181,$C181,IF($H181<$I181,$D181,"Draw"))) -> DADABOI | U181: =IF($L181=0,"",$H181-$I181) -> -3 | V181: =IF($L181=0,"",$I181-$H181) -> 3 | W181: =IF($L181=0,"",$I181-$H181) -> 3 | X181: =IF($L181=0,"",$H181-$I181) -> -3
A182: 180 | B182: 46089 | C182: DRACARYS | D182: TACTICAL | E182: 6 | F182: 5 | G182: Played | H182: =IF($G182="Walkover_Home",Settings!$B$10,IF($G182="Walkover_Away",Settings!$B$11,IF($G182="Cancelled","",IF($E182="","",$E182)))) -> 6 | I182: =IF($G182="Walkover_Home",Settings!$B$11,IF($G182="Walkover_Away",Settings!$B$10,IF($G182="Cancelled","",IF($F182="","",$F182)))) -> 5 | J182: =IF($L182=0,"",IF($G182="Walkover_Home",Settings!$B$7,IF($G182="Walkover_Away",Settings!$B$8,IF($H182>$I182,Settings!$B$3,IF($H182<$I182,Settings!$B$4,Settings!$B$5))))) -> 3 | K182: =IF($L182=0,"",IF($G182="Walkover_Home",Settings!$B$8,IF($G182="Walkover_Away",Settings!$B$7,IF($I182>$H182,Settings!$B$3,IF($I182<$H182,Settings!$B$4,Settings!$B$5))))) -> 0 | L182: =IF($G182="Cancelled",0,IF(OR($H182="", $I182=""),0,1)) -> 1 | M182: =IF($L182=0,"",IF($H182>$I182,1,0)) -> 1 | N182: =IF($L182=0,"",IF($H182=$I182,1,0)) -> 0 | O182: =IF($L182=0,"",IF($H182<$I182,1,0)) -> 0 | P182: =IF($L182=0,"",IF($I182>$H182,1,0)) -> 0 | Q182: =IF($L182=0,"",IF($I182=$H182,1,0)) -> 0 | R182: =IF($L182=0,"",IF($I182<$H182,1,0)) -> 1 | S182: =IF($L182=0,"",IF($H182>$I182,$C182,IF($H182<$I182,$D182,"Draw"))) -> DRACARYS | U182: =IF($L182=0,"",$H182-$I182) -> 1 | V182: =IF($L182=0,"",$I182-$H182) -> -1 | W182: =IF($L182=0,"",$I182-$H182) -> -1 | X182: =IF($L182=0,"",$H182-$I182) -> 1
A183: 181 | B183: 46089 | C183: KHALEEDOY | D183: ANIFE | G183: Walkover_Away | H183: =IF($G183="Walkover_Home",Settings!$B$10,IF($G183="Walkover_Away",Settings!$B$11,IF($G183="Cancelled","",IF($E183="","",$E183)))) -> 0 | I183: =IF($G183="Walkover_Home",Settings!$B$11,IF($G183="Walkover_Away",Settings!$B$10,IF($G183="Cancelled","",IF($F183="","",$F183)))) -> 3 | J183: =IF($L183=0,"",IF($G183="Walkover_Home",Settings!$B$7,IF($G183="Walkover_Away",Settings!$B$8,IF($H183>$I183,Settings!$B$3,IF($H183<$I183,Settings!$B$4,Settings!$B$5))))) -> 0 | K183: =IF($L183=0,"",IF($G183="Walkover_Home",Settings!$B$8,IF($G183="Walkover_Away",Settings!$B$7,IF($I183>$H183,Settings!$B$3,IF($I183<$H183,Settings!$B$4,Settings!$B$5))))) -> 3 | L183: =IF($G183="Cancelled",0,IF(OR($H183="", $I183=""),0,1)) -> 1 | M183: =IF($L183=0,"",IF($H183>$I183,1,0)) -> 0 | N183: =IF($L183=0,"",IF($H183=$I183,1,0)) -> 0 | O183: =IF($L183=0,"",IF($H183<$I183,1,0)) -> 1 | P183: =IF($L183=0,"",IF($I183>$H183,1,0)) -> 1 | Q183: =IF($L183=0,"",IF($I183=$H183,1,0)) -> 0 | R183: =IF($L183=0,"",IF($I183<$H183,1,0)) -> 0 | S183: =IF($L183=0,"",IF($H183>$I183,$C183,IF($H183<$I183,$D183,"Draw"))) -> ANIFE | U183: =IF($L183=0,"",$H183-$I183) -> -3 | V183: =IF($L183=0,"",$I183-$H183) -> 3 | W183: =IF($L183=0,"",$I183-$H183) -> 3 | X183: =IF($L183=0,"",$H183-$I183) -> -3
A184: 182 | B184: 46089 | C184: GURU | D184: GAMEWITHJOSH | E184: 7 | F184: 5 | G184: Played | H184: =IF($G184="Walkover_Home",Settings!$B$10,IF($G184="Walkover_Away",Settings!$B$11,IF($G184="Cancelled","",IF($E184="","",$E184)))) -> 7 | I184: =IF($G184="Walkover_Home",Settings!$B$11,IF($G184="Walkover_Away",Settings!$B$10,IF($G184="Cancelled","",IF($F184="","",$F184)))) -> 5 | J184: =IF($L184=0,"",IF($G184="Walkover_Home",Settings!$B$7,IF($G184="Walkover_Away",Settings!$B$8,IF($H184>$I184,Settings!$B$3,IF($H184<$I184,Settings!$B$4,Settings!$B$5))))) -> 3 | K184: =IF($L184=0,"",IF($G184="Walkover_Home",Settings!$B$8,IF($G184="Walkover_Away",Settings!$B$7,IF($I184>$H184,Settings!$B$3,IF($I184<$H184,Settings!$B$4,Settings!$B$5))))) -> 0 | L184: =IF($G184="Cancelled",0,IF(OR($H184="", $I184=""),0,1)) -> 1 | M184: =IF($L184=0,"",IF($H184>$I184,1,0)) -> 1 | N184: =IF($L184=0,"",IF($H184=$I184,1,0)) -> 0 | O184: =IF($L184=0,"",IF($H184<$I184,1,0)) -> 0 | P184: =IF($L184=0,"",IF($I184>$H184,1,0)) -> 0 | Q184: =IF($L184=0,"",IF($I184=$H184,1,0)) -> 0 | R184: =IF($L184=0,"",IF($I184<$H184,1,0)) -> 1 | S184: =IF($L184=0,"",IF($H184>$I184,$C184,IF($H184<$I184,$D184,"Draw"))) -> GURU | U184: =IF($L184=0,"",$H184-$I184) -> 2 | V184: =IF($L184=0,"",$I184-$H184) -> -2 | W184: =IF($L184=0,"",$I184-$H184) -> -2 | X184: =IF($L184=0,"",$H184-$I184) -> 2
A185: 183 | B185: 46089 | C185: FLICK | D185: BRIGHT | E185: 5 | F185: 4 | G185: Played | H185: =IF($G185="Walkover_Home",Settings!$B$10,IF($G185="Walkover_Away",Settings!$B$11,IF($G185="Cancelled","",IF($E185="","",$E185)))) -> 5 | I185: =IF($G185="Walkover_Home",Settings!$B$11,IF($G185="Walkover_Away",Settings!$B$10,IF($G185="Cancelled","",IF($F185="","",$F185)))) -> 4 | J185: =IF($L185=0,"",IF($G185="Walkover_Home",Settings!$B$7,IF($G185="Walkover_Away",Settings!$B$8,IF($H185>$I185,Settings!$B$3,IF($H185<$I185,Settings!$B$4,Settings!$B$5))))) -> 3 | K185: =IF($L185=0,"",IF($G185="Walkover_Home",Settings!$B$8,IF($G185="Walkover_Away",Settings!$B$7,IF($I185>$H185,Settings!$B$3,IF($I185<$H185,Settings!$B$4,Settings!$B$5))))) -> 0 | L185: =IF($G185="Cancelled",0,IF(OR($H185="", $I185=""),0,1)) -> 1 | M185: =IF($L185=0,"",IF($H185>$I185,1,0)) -> 1 | N185: =IF($L185=0,"",IF($H185=$I185,1,0)) -> 0 | O185: =IF($L185=0,"",IF($H185<$I185,1,0)) -> 0 | P185: =IF($L185=0,"",IF($I185>$H185,1,0)) -> 0 | Q185: =IF($L185=0,"",IF($I185=$H185,1,0)) -> 0 | R185: =IF($L185=0,"",IF($I185<$H185,1,0)) -> 1 | S185: =IF($L185=0,"",IF($H185>$I185,$C185,IF($H185<$I185,$D185,"Draw"))) -> FLICK | U185: =IF($L185=0,"",$H185-$I185) -> 1 | V185: =IF($L185=0,"",$I185-$H185) -> -1 | W185: =IF($L185=0,"",$I185-$H185) -> -1 | X185: =IF($L185=0,"",$H185-$I185) -> 1
...

Sheet Adjustments
A1: Point Adjustments / Deductions (enter negative numbers to deduct points)
A2: Date | B2: Player | C2: Metric | D2: Value | E2: Reason
B3: WOLEVATION | C3: GF | D3: -3 | E3: Stood up mid match and quit, decided to leave.

Sheet Stats
A1: Per-player Statistics (auto-calculated)
A2: Player | B2: P | C2: W | D2: D | E2: L | F2: GF | G2: GA | H2: GD | I2: PtsMatches | J2: PtsAdj | K2: TotalPts | L2: Pos | M2: Clean Sheets | N2: Avg GF | O2: Avg GA | P2: WinRate % | Q2: Biggest Win | R2: Biggest Loss | S2: Walkovers Given | T2: Walkovers Received | U2: Pts Per Game | V2: Last5Pts | W2: FormScore | X2: Adj_MP | Y2: Adj_W | Z2: Adj_D | AA2: Adj_L | AB2: Adj_GF | AC2: Adj_GA | AD2: Adj_GD | AE2: Adj_PTS
A3: =IF(Players!$B3="","",Players!$B3) -> MR OGA | B3: =IF($A3="","",(COUNTIFS(Matches!$C:$C,$A3,Matches!$L:$L,1)+COUNTIFS(Matches!$D:$D,$A3,Matches!$L:$L,1)) + $X3) -> 19 | C3: =IF($A3="","", COUNTIFS(Matches!$C:$C,$A3,Matches!$M:$M,TRUE)+COUNTIFS(Matches!$C:$C,$A3,Matches!$M:$M,1) +COUNTIFS(Matches!$D:$D,$A3,Matches!$P:$P,TRUE)+COUNTIFS(Matches!$D:$D,$A3,Matches!$P:$P,1) +$Y3) -> 10 | D3: =IF($A3="","", COUNTIFS(Matches!$C:$C,$A3,Matches!$N:$N,TRUE)+COUNTIFS(Matches!$C:$C,$A3,Matches!$N:$N,1) +COUNTIFS(Matches!$D:$D,$A3,Matches!$Q:$Q,TRUE)+COUNTIFS(Matches!$D:$D,$A3,Matches!$Q:$Q,1) +$Z3) -> 3 | E3: =IF($A3="","", COUNTIFS(Matches!$C:$C,$A3,Matches!$O:$O,TRUE)+COUNTIFS(Matches!$C:$C,$A3,Matches!$O:$O,1) +COUNTIFS(Matches!$D:$D,$A3,Matches!$R:$R,TRUE)+COUNTIFS(Matches!$D:$D,$A3,Matches!$R:$R,1) +$AA3) -> 6 | F3: =IF($A3="","",(SUMIFS(Matches!$H:$H,Matches!$C:$C,$A3)+SUMIFS(Matches!$I:$I,Matches!$D:$D,$A3)) + $AB3) -> 101 | G3: =IF($A3="","",(SUMIFS(Matches!$I:$I,Matches!$C:$C,$A3)+SUMIFS(Matches!$H:$H,Matches!$D:$D,$A3)) + $AC3) -> 87 | H3: =IF($A3="","",($F3-$G3) + $AD3) -> 14 | I3: =IF($A3="","", SUMIFS(Matches!$J:$J,Matches!$C:$C,$A3,Matches!$L:$L,TRUE)+SUMIFS(Matches!$J:$J,Matches!$C:$C,$A3,Matches!$L:$L,1) +SUMIFS(Matches!$K:$K,Matches!$D:$D,$A3,Matches!$L:$L,TRUE)+SUMIFS(Matches!$K:$K,Matches!$D:$D,$A3,Matches!$L:$L,1) ) -> 33 | J3: =IF($A3="","",$AE3) -> 0 | K3: =IF($A3="","", $I3 +($Y3*Settings!$B$3) +($Z3*Settings!$B$5) +($AA3*Settings!$B$6) +$AE3 ) -> 33 | L3: =IF($A3="","",1+COUNTIFS($K$3:$K$22,">"&$K3,$A$3:$A$22,"<>")+COUNTIFS($K$3:$K$22,$K3,$H$3:$H$22,">"&$H3,$A$3:$A$22,"<>")+COUNTIFS($K$3:$K$22,$K3,$H$3:$H$22,$H3,$F$3:$F$22,">"&$F3,$A$3:$A$22,"<>")+COUNTIFS($K$3:$K$22,$K3,$H$3:$H$22,$H3,$F$3:$F$22,$F3,$A$3:$A$22,"<"&$A3)) -> 6 | M3: =IF($A3="","",COUNTIFS(Matches!$C:$C,$A3,Matches!$I:$I,0,Matches!$L:$L,1)+COUNTIFS(Matches!$D:$D,$A3,Matches!$H:$H,0,Matches!$L:$L,1)) -> 1 | N3: =IF($A3="","",IF($B3=0,"",$F3/$B3)) -> 5.3157895 | O3: =IF($A3="","",IF($B3=0,"",$G3/$B3)) -> 4.5789474 | P3: =IF($A3="","",IF($B3=0,"",$C3/$B3)) -> 0.52631579 | Q3: =IF($A3="","",MAX(IFERROR(MAXIFS(Matches!$U:$U,Matches!$C:$C,$A3,Matches!$M:$M,1),0),IFERROR(MAXIFS(Matches!$V:$V,Matches!$D:$D,$A3,Matches!$P:$P,1),0))) -> 7 | R3: =IF($A3="","",MAX(IFERROR(MAXIFS(Matches!$W:$W,Matches!$C:$C,$A3,Matches!$O:$O,1),0),IFERROR(MAXIFS(Matches!$X:$X,Matches!$D:$D,$A3,Matches!$R:$R,1),0))) -> 4 | S3: =IF($A3="","",COUNTIFS(Matches!$G:$G,"Walkover_Home",Matches!$D:$D,$A3)+COUNTIFS(Matches!$G:$G,"Walkover_Away",Matches!$C:$C,$A3)) -> 1 | T3: =IF($A3="","",COUNTIFS(Matches!$G:$G,"Walkover_Home",Matches!$C:$C,$A3)+COUNTIFS(Matches!$G:$G,"Walkover_Away",Matches!$D:$D,$A3)) -> 1 | U3: =IF($A3="","",IF($B3=0,"",$K3/$B3)) -> 1.7368421 | V3: =IFERROR(__xludf.DUMMYFUNCTION("IF($A3="""","""",IFERROR( SUM( INDEX( QUERY( SORT(FILTER({Log!A:A,Log!G:G},Log!B:B=$A3),1,FALSE), ""select Col2 limit 5"", 0 ), ,1) ), 0))"),4.0) -> 4 | W3: =IF($A3="","",ROUND(100*V3/15,2)) -> 26.67 | X3: =IF($A3="","",IFERROR(SUMIFS(Adjustments!$D:$D,Adjustments!$B:$B,$A3,Adjustments!$C:$C,"MP"),0)) -> 0 | Y3: =IF($A3="","",IFERROR(SUMIFS(Adjustments!$D:$D,Adjustments!$B:$B,$A3,Adjustments!$C:$C,"W"),0)) -> 0 | Z3: =IF($A3="","",IFERROR(SUMIFS(Adjustments!$D:$D,Adjustments!$B:$B,$A3,Adjustments!$C:$C,"D"),0)) -> 0 | AA3: =IF($A3="","",IFERROR(SUMIFS(Adjustments!$D:$D,Adjustments!$B:$B,$A3,Adjustments!$C:$C,"L"),0)) -> 0 | AB3: =IF($A3="","",IFERROR(SUMIFS(Adjustments!$D:$D,Adjustments!$B:$B,$A3,Adjustments!$C:$C,"GF"),0)) -> 0 | AC3: =IF($A3="","",IFERROR(SUMIFS(Adjustments!$D:$D,Adjustments!$B:$B,$A3,Adjustments!$C:$C,"GA"),0)) -> 0 | AD3: =IF($A3="","",IFERROR(SUMIFS(Adjustments!$D:$D,Adjustments!$B:$B,$A3,Adjustments!$C:$C,"GD"),0)) -> 0 | AE3: =IF($A3="","",IFERROR(SUMIFS(Adjustments!$D:$D,Adjustments!$B:$B,$A3,Adjustments!$C:$C,"PTS"),0)) -> 0
A4: =IF(Players!$B4="","",Players!$B4) -> ANIFE | B4: =IF($A4="","",(COUNTIFS(Matches!$C:$C,$A4,Matches!$L:$L,1)+COUNTIFS(Matches!$D:$D,$A4,Matches!$L:$L,1)) + $X4) -> 19 | C4: =IF($A4="","", COUNTIFS(Matches!$C:$C,$A4,Matches!$M:$M,TRUE)+COUNTIFS(Matches!$C:$C,$A4,Matches!$M:$M,1) +COUNTIFS(Matches!$D:$D,$A4,Matches!$P:$P,TRUE)+COUNTIFS(Matches!$D:$D,$A4,Matches!$P:$P,1) +$Y4) -> 11 | D4: =IF($A4="","", COUNTIFS(Matches!$C:$C,$A4,Matches!$N:$N,TRUE)+COUNTIFS(Matches!$C:$C,$A4,Matches!$N:$N,1) +COUNTIFS(Matches!$D:$D,$A4,Matches!$Q:$Q,TRUE)+COUNTIFS(Matches!$D:$D,$A4,Matches!$Q:$Q,1) +$Z4) -> 3 | E4: =IF($A4="","", COUNTIFS(Matches!$C:$C,$A4,Matches!$O:$O,TRUE)+COUNTIFS(Matches!$C:$C,$A4,Matches!$O:$O,1) +COUNTIFS(Matches!$D:$D,$A4,Matches!$R:$R,TRUE)+COUNTIFS(Matches!$D:$D,$A4,Matches!$R:$R,1) +$AA4) -> 5 | F4: =IF($A4="","",(SUMIFS(Matches!$H:$H,Matches!$C:$C,$A4)+SUMIFS(Matches!$I:$I,Matches!$D:$D,$A4)) + $AB4) -> 117 | G4: =IF($A4="","",(SUMIFS(Matches!$I:$I,Matches!$C:$C,$A4)+SUMIFS(Matches!$H:$H,Matches!$D:$D,$A4)) + $AC4) -> 81 | H4: =IF($A4="","",($F4-$G4) + $AD4) -> 36 | I4: =IF($A4="","", SUMIFS(Matches!$J:$J,Matches!$C:$C,$A4,Matches!$L:$L,TRUE)+SUMIFS(Matches!$J:$J,Matches!$C:$C,$A4,Matches!$L:$L,1) +SUMIFS(Matches!$K:$K,Matches!$D:$D,$A4,Matches!$L:$L,TRUE)+SUMIFS(Matches!$K:$K,Matches!$D:$D,$A4,Matches!$L:$L,1) ) -> 36 | J4: =IF($A4="","",$AE4) -> 0 | K4: =IF($A4="","", $I4 +($Y4*Settings!$B$3) +($Z4*Settings!$B$5) +($AA4*Settings!$B$6) +$AE4 ) -> 36 | L4: =IF($A4="","",1+COUNTIFS($K$3:$K$22,">"&$K4,$A$3:$A$22,"<>")+COUNTIFS($K$3:$K$22,$K4,$H$3:$H$22,">"&$H4,$A$3:$A$22,"<>")+COUNTIFS($K$3:$K$22,$K4,$H$3:$H$22,$H4,$F$3:$F$22,">"&$F4,$A$3:$A$22,"<>")+COUNTIFS($K$3:$K$22,$K4,$H$3:$H$22,$H4,$F$3:$F$22,$F4,$A$3:$A$22,"<"&$A4)) -> 4 | M4: =IF($A4="","",COUNTIFS(Matches!$C:$C,$A4,Matches!$I:$I,0,Matches!$L:$L,1)+COUNTIFS(Matches!$D:$D,$A4,Matches!$H:$H,0,Matches!$L:$L,1)) -> 2 | N4: =IF($A4="","",IF($B4=0,"",$F4/$B4)) -> 6.1578947 | O4: =IF($A4="","",IF($B4=0,"",$G4/$B4)) -> 4.2631579 | P4: =IF($A4="","",IF($B4=0,"",$C4/$B4)) -> 0.57894737 | Q4: =IF($A4="","",MAX(IFERROR(MAXIFS(Matches!$U:$U,Matches!$C:$C,$A4,Matches!$M:$M,1),0),IFERROR(MAXIFS(Matches!$V:$V,Matches!$D:$D,$A4,Matches!$P:$P,1),0))) -> 14 | R4: =IF($A4="","",MAX(IFERROR(MAXIFS(Matches!$W:$W,Matches!$C:$C,$A4,Matches!$O:$O,1),0),IFERROR(MAXIFS(Matches!$X:$X,Matches!$D:$D,$A4,Matches!$R:$R,1),0))) -> 2 | S4: =IF($A4="","",COUNTIFS(Matches!$G:$G,"Walkover_Home",Matches!$D:$D,$A4)+COUNTIFS(Matches!$G:$G,"Walkover_Away",Matches!$C:$C,$A4)) -> 0 | T4: =IF($A4="","",COUNTIFS(Matches!$G:$G,"Walkover_Home",Matches!$C:$C,$A4)+COUNTIFS(Matches!$G:$G,"Walkover_Away",Matches!$D:$D,$A4)) -> 2 | U4: =IF($A4="","",IF($B4=0,"",$K4/$B4)) -> 1.8947368 | V4: =IFERROR(__xludf.DUMMYFUNCTION("IF($A4="""","""",IFERROR( SUM( INDEX( QUERY( SORT(FILTER({Log!A:A,Log!G:G},Log!B:B=$A4),1,FALSE), ""select Col2 limit 5"", 0 ), ,1) ), 0))"),11.0) -> 11 | W4: =IF($A4="","",ROUND(100*V4/15,2)) -> 73.33 | X4: =IF($A4="","",IFERROR(SUMIFS(Adjustments!$D:$D,Adjustments!$B:$B,$A4,Adjustments!$C:$C,"MP"),0)) -> 0 | Y4: =IF($A4="","",IFERROR(SUMIFS(Adjustments!$D:$D,Adjustments!$B:$B,$A4,Adjustments!$C:$C,"W"),0)) -> 0 | Z4: =IF($A4="","",IFERROR(SUMIFS(Adjustments!$D:$D,Adjustments!$B:$B,$A4,Adjustments!$C:$C,"D"),0)) -> 0 | AA4: =IF($A4="","",IFERROR(SUMIFS(Adjustments!$D:$D,Adjustments!$B:$B,$A4,Adjustments!$C:$C,"L"),0)) -> 0 | AB4: =IF($A4="","",IFERROR(SUMIFS(Adjustments!$D:$D,Adjustments!$B:$B,$A4,Adjustments!$C:$C,"GF"),0)) -> 0 | AC4: =IF($A4="","",IFERROR(SUMIFS(Adjustments!$D:$D,Adjustments!$B:$B,$A4,Adjustments!$C:$C,"GA"),0)) -> 0 | AD4: =IF($A4="","",IFERROR(SUMIFS(Adjustments!$D:$D,Adjustments!$B:$B,$A4,Adjustments!$C:$C,"GD"),0)) -> 0 | AE4: =IF($A4="","",IFERROR(SUMIFS(Adjustments!$D:$D,Adjustments!$B:$B,$A4,Adjustments!$C:$C,"PTS"),0)) -> 0
A5: =IF(Players!$B5="","",Players!$B5) -> BAJI SNR | B5: =IF($A5="","",(COUNTIFS(Matches!$C:$C,$A5,Matches!$L:$L,1)+COUNTIFS(Matches!$D:$D,$A5,Matches!$L:$L,1)) + $X5) -> 19 | C5: =IF($A5="","", COUNTIFS(Matches!$C:$C,$A5,Matches!$M:$M,TRUE)+COUNTIFS(Matches!$C:$C,$A5,Matches!$M:$M,1) +COUNTIFS(Matches!$D:$D,$A5,Matches!$P:$P,TRUE)+COUNTIFS(Matches!$D:$D,$A5,Matches!$P:$P,1) +$Y5) -> 4 | D5: =IF($A5="","", COUNTIFS(Matches!$C:$C,$A5,Matches!$N:$N,TRUE)+COUNTIFS(Matches!$C:$C,$A5,Matches!$N:$N,1) +COUNTIFS(Matches!$D:$D,$A5,Matches!$Q:$Q,TRUE)+COUNTIFS(Matches!$D:$D,$A5,Matches!$Q:$Q,1) +$Z5) -> 0 | E5: =IF($A5="","", COUNTIFS(Matches!$C:$C,$A5,Matches!$O:$O,TRUE)+COUNTIFS(Matches!$C:$C,$A5,Matches!$O:$O,1) +COUNTIFS(Matches!$D:$D,$A5,Matches!$R:$R,TRUE)+COUNTIFS(Matches!$D:$D,$A5,Matches!$R:$R,1) +$AA5) -> 15 | F5: =IF($A5="","",(SUMIFS(Matches!$H:$H,Matches!$C:$C,$A5)+SUMIFS(Matches!$I:$I,Matches!$D:$D,$A5)) + $AB5) -> 42 | G5: =IF($A5="","",(SUMIFS(Matches!$I:$I,Matches!$C:$C,$A5)+SUMIFS(Matches!$H:$H,Matches!$D:$D,$A5)) + $AC5) -> 70 | H5: =IF($A5="","",($F5-$G5) + $AD5) -> -28 | I5: =IF($A5="","", SUMIFS(Matches!$J:$J,Matches!$C:$C,$A5,Matches!$L:$L,TRUE)+SUMIFS(Matches!$J:$J,Matches!$C:$C,$A5,Matches!$L:$L,1) +SUMIFS(Matches!$K:$K,Matches!$D:$D,$A5,Matches!$L:$L,TRUE)+SUMIFS(Matches!$K:$K,Matches!$D:$D,$A5,Matches!$L:$L,1) ) -> 12 | J5: =IF($A5="","",$AE5) -> 0 | K5: =IF($A5="","", $I5 +($Y5*Settings!$B$3) +($Z5*Settings!$B$5) +($AA5*Settings!$B$6) +$AE5 ) -> 12 | L5: =IF($A5="","",1+COUNTIFS($K$3:$K$22,">"&$K5,$A$3:$A$22,"<>")+COUNTIFS($K$3:$K$22,$K5,$H$3:$H$22,">"&$H5,$A$3:$A$22,"<>")+COUNTIFS($K$3:$K$22,$K5,$H$3:$H$22,$H5,$F$3:$F$22,">"&$F5,$A$3:$A$22,"<>")+COUNTIFS($K$3:$K$22,$K5,$H$3:$H$22,$H5,$F$3:$F$22,$F5,$A$3:$A$22,"<"&$A5)) -> 17 | M5: =IF($A5="","",COUNTIFS(Matches!$C:$C,$A5,Matches!$I:$I,0,Matches!$L:$L,1)+COUNTIFS(Matches!$D:$D,$A5,Matches!$H:$H,0,Matches!$L:$L,1)) -> 2 | N5: =IF($A5="","",IF($B5=0,"",$F5/$B5)) -> 2.2105263 | O5: =IF($A5="","",IF($B5=0,"",$G5/$B5)) -> 3.6842105 | P5: =IF($A5="","",IF($B5=0,"",$C5/$B5)) -> 0.21052632 | Q5: =IF($A5="","",MAX(IFERROR(MAXIFS(Matches!$U:$U,Matches!$C:$C,$A5,Matches!$M:$M,1),0),IFERROR(MAXIFS(Matches!$V:$V,Matches!$D:$D,$A5,Matches!$P:$P,1),0))) -> 7 | R5: =IF($A5="","",MAX(IFERROR(MAXIFS(Matches!$W:$W,Matches!$C:$C,$A5,Matches!$O:$O,1),0),IFERROR(MAXIFS(Matches!$X:$X,Matches!$D:$D,$A5,Matches!$R:$R,1),0))) -> 5 | S5: =IF($A5="","",COUNTIFS(Matches!$G:$G,"Walkover_Home",Matches!$D:$D,$A5)+COUNTIFS(Matches!$G:$G,"Walkover_Away",Matches!$C:$C,$A5)) -> 5 | T5: =IF($A5="","",COUNTIFS(Matches!$G:$G,"Walkover_Home",Matches!$C:$C,$A5)+COUNTIFS(Matches!$G:$G,"Walkover_Away",Matches!$D:$D,$A5)) -> 2 | U5: =IF($A5="","",IF($B5=0,"",$K5/$B5)) -> 0.63157895 | V5: =IFERROR(__xludf.DUMMYFUNCTION("IF($A5="""","""",IFERROR( SUM( INDEX( QUERY( SORT(FILTER({Log!A:A,Log!G:G},Log!B:B=$A5),1,FALSE), ""select Col2 limit 5"", 0 ), ,1) ), 0))"),3.0) -> 3 | W5: =IF($A5="","",ROUND(100*V5/15,2)) -> 20 | X5: =IF($A5="","",IFERROR(SUMIFS(Adjustments!$D:$D,Adjustments!$B:$B,$A5,Adjustments!$C:$C,"MP"),0)) -> 0 | Y5: =IF($A5="","",IFERROR(SUMIFS(Adjustments!$D:$D,Adjustments!$B:$B,$A5,Adjustments!$C:$C,"W"),0)) -> 0 | Z5: =IF($A5="","",IFERROR(SUMIFS(Adjustments!$D:$D,Adjustments!$B:$B,$A5,Adjustments!$C:$C,"D"),0)) -> 0 | AA5: =IF($A5="","",IFERROR(SUMIFS(Adjustments!$D:$D,Adjustments!$B:$B,$A5,Adjustments!$C:$C,"L"),0)) -> 0 | AB5: =IF($A5="","",IFERROR(SUMIFS(Adjustments!$D:$D,Adjustments!$B:$B,$A5,Adjustments!$C:$C,"GF"),0)) -> 0 | AC5: =IF($A5="","",IFERROR(SUMIFS(Adjustments!$D:$D,Adjustments!$B:$B,$A5,Adjustments!$C:$C,"GA"),0)) -> 0 | AD5: =IF($A5="","",IFERROR(SUMIFS(Adjustments!$D:$D,Adjustments!$B:$B,$A5,Adjustments!$C:$C,"GD"),0)) -> 0 | AE5: =IF($A5="","",IFERROR(SUMIFS(Adjustments!$D:$D,Adjustments!$B:$B,$A5,Adjustments!$C:$C,"PTS"),0)) -> 0
A6: =IF(Players!$B6="","",Players!$B6) -> GURU | B6: =IF($A6="","",(COUNTIFS(Matches!$C:$C,$A6,Matches!$L:$L,1)+COUNTIFS(Matches!$D:$D,$A6,Matches!$L:$L,1)) + $X6) -> 19 | C6: =IF($A6="","", COUNTIFS(Matches!$C:$C,$A6,Matches!$M:$M,TRUE)+COUNTIFS(Matches!$C:$C,$A6,Matches!$M:$M,1) +COUNTIFS(Matches!$D:$D,$A6,Matches!$P:$P,TRUE)+COUNTIFS(Matches!$D:$D,$A6,Matches!$P:$P,1) +$Y6) -> 11 | D6: =IF($A6="","", COUNTIFS(Matches!$C:$C,$A6,Matches!$N:$N,TRUE)+COUNTIFS(Matches!$C:$C,$A6,Matches!$N:$N,1) +COUNTIFS(Matches!$D:$D,$A6,Matches!$Q:$Q,TRUE)+COUNTIFS(Matches!$D:$D,$A6,Matches!$Q:$Q,1) +$Z6) -> 4 | E6: =IF($A6="","", COUNTIFS(Matches!$C:$C,$A6,Matches!$O:$O,TRUE)+COUNTIFS(Matches!$C:$C,$A6,Matches!$O:$O,1) +COUNTIFS(Matches!$D:$D,$A6,Matches!$R:$R,TRUE)+COUNTIFS(Matches!$D:$D,$A6,Matches!$R:$R,1) +$AA6) -> 4 | F6: =IF($A6="","",(SUMIFS(Matches!$H:$H,Matches!$C:$C,$A6)+SUMIFS(Matches!$I:$I,Matches!$D:$D,$A6)) + $AB6) -> 109 | G6: =IF($A6="","",(SUMIFS(Matches!$I:$I,Matches!$C:$C,$A6)+SUMIFS(Matches!$H:$H,Matches!$D:$D,$A6)) + $AC6) -> 76 | H6: =IF($A6="","",($F6-$G6) + $AD6) -> 33 | I6: =IF($A6="","", SUMIFS(Matches!$J:$J,Matches!$C:$C,$A6,Matches!$L:$L,TRUE)+SUMIFS(Matches!$J:$J,Matches!$C:$C,$A6,Matches!$L:$L,1) +SUMIFS(Matches!$K:$K,Matches!$D:$D,$A6,Matches!$L:$L,TRUE)+SUMIFS(Matches!$K:$K,Matches!$D:$D,$A6,Matches!$L:$L,1) ) -> 37 | J6: =IF($A6="","",$AE6) -> 0 | K6: =IF($A6="","", $I6 +($Y6*Settings!$B$3) +($Z6*Settings!$B$5) +($AA6*Settings!$B$6) +$AE6 ) -> 37 | L6: =IF($A6="","",1+COUNTIFS($K$3:$K$22,">"&$K6,$A$3:$A$22,"<>")+COUNTIFS($K$3:$K$22,$K6,$H$3:$H$22,">"&$H6,$A$3:$A$22,"<>")+COUNTIFS($K$3:$K$22,$K6,$H$3:$H$22,$H6,$F$3:$F$22,">"&$F6,$A$3:$A$22,"<>")+COUNTIFS($K$3:$K$22,$K6,$H$3:$H$22,$H6,$F$3:$F$22,$F6,$A$3:$A$22,"<"&$A6)) -> 3 | M6: =IF($A6="","",COUNTIFS(Matches!$C:$C,$A6,Matches!$I:$I,0,Matches!$L:$L,1)+COUNTIFS(Matches!$D:$D,$A6,Matches!$H:$H,0,Matches!$L:$L,1)) -> 1 | N6: =IF($A6="","",IF($B6=0,"",$F6/$B6)) -> 5.7368421 | O6: =IF($A6="","",IF($B6=0,"",$G6/$B6)) -> 4 | P6: =IF($A6="","",IF($B6=0,"",$C6/$B6)) -> 0.57894737 | Q6: =IF($A6="","",MAX(IFERROR(MAXIFS(Matches!$U:$U,Matches!$C:$C,$A6,Matches!$M:$M,1),0),IFERROR(MAXIFS(Matches!$V:$V,Matches!$D:$D,$A6,Matches!$P:$P,1),0))) -> 13 | R6: =IF($A6="","",MAX(IFERROR(MAXIFS(Matches!$W:$W,Matches!$C:$C,$A6,Matches!$O:$O,1),0),IFERROR(MAXIFS(Matches!$X:$X,Matches!$D:$D,$A6,Matches!$R:$R,1),0))) -> 3 | S6: =IF($A6="","",COUNTIFS(Matches!$G:$G,"Walkover_Home",Matches!$D:$D,$A6)+COUNTIFS(Matches!$G:$G,"Walkover_Away",Matches!$C:$C,$A6)) -> 0 | T6: =IF($A6="","",COUNTIFS(Matches!$G:$G,"Walkover_Home",Matches!$C:$C,$A6)+COUNTIFS(Matches!$G:$G,"Walkover_Away",Matches!$D:$D,$A6)) -> 0 | U6: =IF($A6="","",IF($B6=0,"",$K6/$B6)) -> 1.9473684 | V6: =IFERROR(__xludf.DUMMYFUNCTION("IF($A6="""","""",IFERROR( SUM( INDEX( QUERY( SORT(FILTER({Log!A:A,Log!G:G},Log!B:B=$A6),1,FALSE), ""select Col2 limit 5"", 0 ), ,1) ), 0))"),12.0) -> 12 | W6: =IF($A6="","",ROUND(100*V6/15,2)) -> 80 | X6: =IF($A6="","",IFERROR(SUMIFS(Adjustments!$D:$D,Adjustments!$B:$B,$A6,Adjustments!$C:$C,"MP"),0)) -> 0 | Y6: =IF($A6="","",IFERROR(SUMIFS(Adjustments!$D:$D,Adjustments!$B:$B,$A6,Adjustments!$C:$C,"W"),0)) -> 0 | Z6: =IF($A6="","",IFERROR(SUMIFS(Adjustments!$D:$D,Adjustments!$B:$B,$A6,Adjustments!$C:$C,"D"),0)) -> 0 | AA6: =IF($A6="","",IFERROR(SUMIFS(Adjustments!$D:$D,Adjustments!$B:$B,$A6,Adjustments!$C:$C,"L"),0)) -> 0 | AB6: =IF($A6="","",IFERROR(SUMIFS(Adjustments!$D:$D,Adjustments!$B:$B,$A6,Adjustments!$C:$C,"GF"),0)) -> 0 | AC6: =IF($A6="","",IFERROR(SUMIFS(Adjustments!$D:$D,Adjustments!$B:$B,$A6,Adjustments!$C:$C,"GA"),0)) -> 0 | AD6: =IF($A6="","",IFERROR(SUMIFS(Adjustments!$D:$D,Adjustments!$B:$B,$A6,Adjustments!$C:$C,"GD"),0)) -> 0 | AE6: =IF($A6="","",IFERROR(SUMIFS(Adjustments!$D:$D,Adjustments!$B:$B,$A6,Adjustments!$C:$C,"PTS"),0)) -> 0
A7: =IF(Players!$B7="","",Players!$B7) -> KAYKAY | B7: =IF($A7="","",(COUNTIFS(Matches!$C:$C,$A7,Matches!$L:$L,1)+COUNTIFS(Matches!$D:$D,$A7,Matches!$L:$L,1)) + $X7) -> 19 | C7: =IF($A7="","", COUNTIFS(Matches!$C:$C,$A7,Matches!$M:$M,TRUE)+COUNTIFS(Matches!$C:$C,$A7,Matches!$M:$M,1) +COUNTIFS(Matches!$D:$D,$A7,Matches!$P:$P,TRUE)+COUNTIFS(Matches!$D:$D,$A7,Matches!$P:$P,1) +$Y7) -> 14 | D7: =IF($A7="","", COUNTIFS(Matches!$C:$C,$A7,Matches!$N:$N,TRUE)+COUNTIFS(Matches!$C:$C,$A7,Matches!$N:$N,1) +COUNTIFS(Matches!$D:$D,$A7,Matches!$Q:$Q,TRUE)+COUNTIFS(Matches!$D:$D,$A7,Matches!$Q:$Q,1) +$Z7) -> 2 | E7: =IF($A7="","", COUNTIFS(Matches!$C:$C,$A7,Matches!$O:$O,TRUE)+COUNTIFS(Matches!$C:$C,$A7,Matches!$O:$O,1) +COUNTIFS(Matches!$D:$D,$A7,Matches!$R:$R,TRUE)+COUNTIFS(Matches!$D:$D,$A7,Matches!$R:$R,1) +$AA7) -> 3 | F7: =IF($A7="","",(SUMIFS(Matches!$H:$H,Matches!$C:$C,$A7)+SUMIFS(Matches!$I:$I,Matches!$D:$D,$A7)) + $AB7) -> 108 | G7: =IF($A7="","",(SUMIFS(Matches!$I:$I,Matches!$C:$C,$A7)+SUMIFS(Matches!$H:$H,Matches!$D:$D,$A7)) + $AC7) -> 73 | H7: =IF($A7="","",($F7-$G7) + $AD7) -> 35 | I7: =IF($A7="","", SUMIFS(Matches!$J:$J,Matches!$C:$C,$A7,Matches!$L:$L,TRUE)+SUMIFS(Matches!$J:$J,Matches!$C:$C,$A7,Matches!$L:$L,1) +SUMIFS(Matches!$K:$K,Matches!$D:$D,$A7,Matches!$L:$L,TRUE)+SUMIFS(Matches!$K:$K,Matches!$D:$D,$A7,Matches!$L:$L,1) ) -> 44 | J7: =IF($A7="","",$AE7) -> 0 | K7: =IF($A7="","", $I7 +($Y7*Settings!$B$3) +($Z7*Settings!$B$5) +($AA7*Settings!$B$6) +$AE7 ) -> 44 | L7: =IF($A7="","",1+COUNTIFS($K$3:$K$22,">"&$K7,$A$3:$A$22,"<>")+COUNTIFS($K$3:$K$22,$K7,$H$3:$H$22,">"&$H7,$A$3:$A$22,"<>")+COUNTIFS($K$3:$K$22,$K7,$H$3:$H$22,$H7,$F$3:$F$22,">"&$F7,$A$3:$A$22,"<>")+COUNTIFS($K$3:$K$22,$K7,$H$3:$H$22,$H7,$F$3:$F$22,$F7,$A$3:$A$22,"<"&$A7)) -> 2 | M7: =IF($A7="","",COUNTIFS(Matches!$C:$C,$A7,Matches!$I:$I,0,Matches!$L:$L,1)+COUNTIFS(Matches!$D:$D,$A7,Matches!$H:$H,0,Matches!$L:$L,1)) -> 3 | N7: =IF($A7="","",IF($B7=0,"",$F7/$B7)) -> 5.6842105 | O7: =IF($A7="","",IF($B7=0,"",$G7/$B7)) -> 3.8421053 | P7: =IF($A7="","",IF($B7=0,"",$C7/$B7)) -> 0.73684211 | Q7: =IF($A7="","",MAX(IFERROR(MAXIFS(Matches!$U:$U,Matches!$C:$C,$A7,Matches!$M:$M,1),0),IFERROR(MAXIFS(Matches!$V:$V,Matches!$D:$D,$A7,Matches!$P:$P,1),0))) -> 8 | R7: =IF($A7="","",MAX(IFERROR(MAXIFS(Matches!$W:$W,Matches!$C:$C,$A7,Matches!$O:$O,1),0),IFERROR(MAXIFS(Matches!$X:$X,Matches!$D:$D,$A7,Matches!$R:$R,1),0))) -> 6 | S7: =IF($A7="","",COUNTIFS(Matches!$G:$G,"Walkover_Home",Matches!$D:$D,$A7)+COUNTIFS(Matches!$G:$G,"Walkover_Away",Matches!$C:$C,$A7)) -> 0 | T7: =IF($A7="","",COUNTIFS(Matches!$G:$G,"Walkover_Home",Matches!$C:$C,$A7)+COUNTIFS(Matches!$G:$G,"Walkover_Away",Matches!$D:$D,$A7)) -> 2 | U7: =IF($A7="","",IF($B7=0,"",$K7/$B7)) -> 2.3157895 | V7: =IFERROR(__xludf.DUMMYFUNCTION("IF($A7="""","""",IFERROR( SUM( INDEX( QUERY( SORT(FILTER({Log!A:A,Log!G:G},Log!B:B=$A7),1,FALSE), ""select Col2 limit 5"", 0 ), ,1) ), 0))"),15.0) -> 15 | W7: =IF($A7="","",ROUND(100*V7/15,2)) -> 100 | X7: =IF($A7="","",IFERROR(SUMIFS(Adjustments!$D:$D,Adjustments!$B:$B,$A7,Adjustments!$C:$C,"MP"),0)) -> 0 | Y7: =IF($A7="","",IFERROR(SUMIFS(Adjustments!$D:$D,Adjustments!$B:$B,$A7,Adjustments!$C:$C,"W"),0)) -> 0 | Z7: =IF($A7="","",IFERROR(SUMIFS(Adjustments!$D:$D,Adjustments!$B:$B,$A7,Adjustments!$C:$C,"D"),0)) -> 0 | AA7: =IF($A7="","",IFERROR(SUMIFS(Adjustments!$D:$D,Adjustments!$B:$B,$A7,Adjustments!$C:$C,"L"),0)) -> 0 | AB7: =IF($A7="","",IFERROR(SUMIFS(Adjustments!$D:$D,Adjustments!$B:$B,$A7,Adjustments!$C:$C,"GF"),0)) -> 0 | AC7: =IF($A7="","",IFERROR(SUMIFS(Adjustments!$D:$D,Adjustments!$B:$B,$A7,Adjustments!$C:$C,"GA"),0)) -> 0 | AD7: =IF($A7="","",IFERROR(SUMIFS(Adjustments!$D:$D,Adjustments!$B:$B,$A7,Adjustments!$C:$C,"GD"),0)) -> 0 | AE7: =IF($A7="","",IFERROR(SUMIFS(Adjustments!$D:$D,Adjustments!$B:$B,$A7,Adjustments!$C:$C,"PTS"),0)) -> 0
A8: =IF(Players!$B8="","",Players!$B8) -> TACTICAL | B8: =IF($A8="","",(COUNTIFS(Matches!$C:$C,$A8,Matches!$L:$L,1)+COUNTIFS(Matches!$D:$D,$A8,Matches!$L:$L,1)) + $X8) -> 19 | C8: =IF($A8="","", COUNTIFS(Matches!$C:$C,$A8,Matches!$M:$M,TRUE)+COUNTIFS(Matches!$C:$C,$A8,Matches!$M:$M,1) +COUNTIFS(Matches!$D:$D,$A8,Matches!$P:$P,TRUE)+COUNTIFS(Matches!$D:$D,$A8,Matches!$P:$P,1) +$Y8) -> 11 | D8: =IF($A8="","", COUNTIFS(Matches!$C:$C,$A8,Matches!$N:$N,TRUE)+COUNTIFS(Matches!$C:$C,$A8,Matches!$N:$N,1) +COUNTIFS(Matches!$D:$D,$A8,Matches!$Q:$Q,TRUE)+COUNTIFS(Matches!$D:$D,$A8,Matches!$Q:$Q,1) +$Z8) -> 2 | E8: =IF($A8="","", COUNTIFS(Matches!$C:$C,$A8,Matches!$O:$O,TRUE)+COUNTIFS(Matches!$C:$C,$A8,Matches!$O:$O,1) +COUNTIFS(Matches!$D:$D,$A8,Matches!$R:$R,TRUE)+COUNTIFS(Matches!$D:$D,$A8,Matches!$R:$R,1) +$AA8) -> 6 | F8: =IF($A8="","",(SUMIFS(Matches!$H:$H,Matches!$C:$C,$A8)+SUMIFS(Matches!$I:$I,Matches!$D:$D,$A8)) + $AB8) -> 93 | G8: =IF($A8="","",(SUMIFS(Matches!$I:$I,Matches!$C:$C,$A8)+SUMIFS(Matches!$H:$H,Matches!$D:$D,$A8)) + $AC8) -> 75 | H8: =IF($A8="","",($F8-$G8) + $AD8) -> 18 | I8: =IF($A8="","", SUMIFS(Matches!$J:$J,Matches!$C:$C,$A8,Matches!$L:$L,TRUE)+SUMIFS(Matches!$J:$J,Matches!$C:$C,$A8,Matches!$L:$L,1) +SUMIFS(Matches!$K:$K,Matches!$D:$D,$A8,Matches!$L:$L,TRUE)+SUMIFS(Matches!$K:$K,Matches!$D:$D,$A8,Matches!$L:$L,1) ) -> 35 | J8: =IF($A8="","",$AE8) -> 0 | K8: =IF($A8="","", $I8 +($Y8*Settings!$B$3) +($Z8*Settings!$B$5) +($AA8*Settings!$B$6) +$AE8 ) -> 35 | L8: =IF($A8="","",1+COUNTIFS($K$3:$K$22,">"&$K8,$A$3:$A$22,"<>")+COUNTIFS($K$3:$K$22,$K8,$H$3:$H$22,">"&$H8,$A$3:$A$22,"<>")+COUNTIFS($K$3:$K$22,$K8,$H$3:$H$22,$H8,$F$3:$F$22,">"&$F8,$A$3:$A$22,"<>")+COUNTIFS($K$3:$K$22,$K8,$H$3:$H$22,$H8,$F$3:$F$22,$F8,$A$3:$A$22,"<"&$A8)) -> 5 | M8: =IF($A8="","",COUNTIFS(Matches!$C:$C,$A8,Matches!$I:$I,0,Matches!$L:$L,1)+COUNTIFS(Matches!$D:$D,$A8,Matches!$H:$H,0,Matches!$L:$L,1)) -> 2 | N8: =IF($A8="","",IF($B8=0,"",$F8/$B8)) -> 4.8947368 | O8: =IF($A8="","",IF($B8=0,"",$G8/$B8)) -> 3.9473684 | P8: =IF($A8="","",IF($B8=0,"",$C8/$B8)) -> 0.57894737 | Q8: =IF($A8="","",MAX(IFERROR(MAXIFS(Matches!$U:$U,Matches!$C:$C,$A8,Matches!$M:$M,1),0),IFERROR(MAXIFS(Matches!$V:$V,Matches!$D:$D,$A8,Matches!$P:$P,1),0))) -> 11 | R8: =IF($A8="","",MAX(IFERROR(MAXIFS(Matches!$W:$W,Matches!$C:$C,$A8,Matches!$O:$O,1),0),IFERROR(MAXIFS(Matches!$X:$X,Matches!$D:$D,$A8,Matches!$R:$R,1),0))) -> 4 | S8: =IF($A8="","",COUNTIFS(Matches!$G:$G,"Walkover_Home",Matches!$D:$D,$A8)+COUNTIFS(Matches!$G:$G,"Walkover_Away",Matches!$C:$C,$A8)) -> 0 | T8: =IF($A8="","",COUNTIFS(Matches!$G:$G,"Walkover_Home",Matches!$C:$C,$A8)+COUNTIFS(Matches!$G:$G,"Walkover_Away",Matches!$D:$D,$A8)) -> 0 | U8: =IF($A8="","",IF($B8=0,"",$K8/$B8)) -> 1.8421053 | V8: =IFERROR(__xludf.DUMMYFUNCTION("IF($A8="""","""",IFERROR( SUM( INDEX( QUERY( SORT(FILTER({Log!A:A,Log!G:G},Log!B:B=$A8),1,FALSE), ""select Col2 limit 5"", 0 ), ,1) ), 0))"),7.0) -> 7 | W8: =IF($A8="","",ROUND(100*V8/15,2)) -> 46.67 | X8: =IF($A8="","",IFERROR(SUMIFS(Adjustments!$D:$D,Adjustments!$B:$B,$A8,Adjustments!$C:$C,"MP"),0)) -> 0 | Y8: =IF($A8="","",IFERROR(SUMIFS(Adjustments!$D:$D,Adjustments!$B:$B,$A8,Adjustments!$C:$C,"W"),0)) -> 0 | Z8: =IF($A8="","",IFERROR(SUMIFS(Adjustments!$D:$D,Adjustments!$B:$B,$A8,Adjustments!$C:$C,"D"),0)) -> 0 | AA8: =IF($A8="","",IFERROR(SUMIFS(Adjustments!$D:$D,Adjustments!$B:$B,$A8,Adjustments!$C:$C,"L"),0)) -> 0 | AB8: =IF($A8="","",IFERROR(SUMIFS(Adjustments!$D:$D,Adjustments!$B:$B,$A8,Adjustments!$C:$C,"GF"),0)) -> 0 | AC8: =IF($A8="","",IFERROR(SUMIFS(Adjustments!$D:$D,Adjustments!$B:$B,$A8,Adjustments!$C:$C,"GA"),0)) -> 0 | AD8: =IF($A8="","",IFERROR(SUMIFS(Adjustments!$D:$D,Adjustments!$B:$B,$A8,Adjustments!$C:$C,"GD"),0)) -> 0 | AE8: =IF($A8="","",IFERROR(SUMIFS(Adjustments!$D:$D,Adjustments!$B:$B,$A8,Adjustments!$C:$C,"PTS"),0)) -> 0
A9: =IF(Players!$B9="","",Players!$B9) -> WOLEVATION | B9: =IF($A9="","",(COUNTIFS(Matches!$C:$C,$A9,Matches!$L:$L,1)+COUNTIFS(Matches!$D:$D,$A9,Matches!$L:$L,1)) + $X9) -> 19 | C9: =IF($A9="","", COUNTIFS(Matches!$C:$C,$A9,Matches!$M:$M,TRUE)+COUNTIFS(Matches!$C:$C,$A9,Matches!$M:$M,1) +COUNTIFS(Matches!$D:$D,$A9,Matches!$P:$P,TRUE)+COUNTIFS(Matches!$D:$D,$A9,Matches!$P:$P,1) +$Y9) -> 10 | D9: =IF($A9="","", COUNTIFS(Matches!$C:$C,$A9,Matches!$N:$N,TRUE)+COUNTIFS(Matches!$C:$C,$A9,Matches!$N:$N,1) +COUNTIFS(Matches!$D:$D,$A9,Matches!$Q:$Q,TRUE)+COUNTIFS(Matches!$D:$D,$A9,Matches!$Q:$Q,1) +$Z9) -> 3 | E9: =IF($A9="","", COUNTIFS(Matches!$C:$C,$A9,Matches!$O:$O,TRUE)+COUNTIFS(Matches!$C:$C,$A9,Matches!$O:$O,1) +COUNTIFS(Matches!$D:$D,$A9,Matches!$R:$R,TRUE)+COUNTIFS(Matches!$D:$D,$A9,Matches!$R:$R,1) +$AA9) -> 6 | F9: =IF($A9="","",(SUMIFS(Matches!$H:$H,Matches!$C:$C,$A9)+SUMIFS(Matches!$I:$I,Matches!$D:$D,$A9)) + $AB9) -> 82 | G9: =IF($A9="","",(SUMIFS(Matches!$I:$I,Matches!$C:$C,$A9)+SUMIFS(Matches!$H:$H,Matches!$D:$D,$A9)) + $AC9) -> 76 | H9: =IF($A9="","",($F9-$G9) + $AD9) -> 6 | I9: =IF($A9="","", SUMIFS(Matches!$J:$J,Matches!$C:$C,$A9,Matches!$L:$L,TRUE)+SUMIFS(Matches!$J:$J,Matches!$C:$C,$A9,Matches!$L:$L,1) +SUMIFS(Matches!$K:$K,Matches!$D:$D,$A9,Matches!$L:$L,TRUE)+SUMIFS(Matches!$K:$K,Matches!$D:$D,$A9,Matches!$L:$L,1) ) -> 33 | J9: =IF($A9="","",$AE9) -> 0 | K9: =IF($A9="","", $I9 +($Y9*Settings!$B$3) +($Z9*Settings!$B$5) +($AA9*Settings!$B$6) +$AE9 ) -> 33 | L9: =IF($A9="","",1+COUNTIFS($K$3:$K$22,">"&$K9,$A$3:$A$22,"<>")+COUNTIFS($K$3:$K$22,$K9,$H$3:$H$22,">"&$H9,$A$3:$A$22,"<>")+COUNTIFS($K$3:$K$22,$K9,$H$3:$H$22,$H9,$F$3:$F$22,">"&$F9,$A$3:$A$22,"<>")+COUNTIFS($K$3:$K$22,$K9,$H$3:$H$22,$H9,$F$3:$F$22,$F9,$A$3:$A$22,"<"&$A9)) -> 8 | M9: =IF($A9="","",COUNTIFS(Matches!$C:$C,$A9,Matches!$I:$I,0,Matches!$L:$L,1)+COUNTIFS(Matches!$D:$D,$A9,Matches!$H:$H,0,Matches!$L:$L,1)) -> 2 | N9: =IF($A9="","",IF($B9=0,"",$F9/$B9)) -> 4.3157895 | O9: =IF($A9="","",IF($B9=0,"",$G9/$B9)) -> 4 | P9: =IF($A9="","",IF($B9=0,"",$C9/$B9)) -> 0.52631579 | Q9: =IF($A9="","",MAX(IFERROR(MAXIFS(Matches!$U:$U,Matches!$C:$C,$A9,Matches!$M:$M,1),0),IFERROR(MAXIFS(Matches!$V:$V,Matches!$D:$D,$A9,Matches!$P:$P,1),0))) -> 4 | R9: =IF($A9="","",MAX(IFERROR(MAXIFS(Matches!$W:$W,Matches!$C:$C,$A9,Matches!$O:$O,1),0),IFERROR(MAXIFS(Matches!$X:$X,Matches!$D:$D,$A9,Matches!$R:$R,1),0))) -> 5 | S9: =IF($A9="","",COUNTIFS(Matches!$G:$G,"Walkover_Home",Matches!$D:$D,$A9)+COUNTIFS(Matches!$G:$G,"Walkover_Away",Matches!$C:$C,$A9)) -> 0 | T9: =IF($A9="","",COUNTIFS(Matches!$G:$G,"Walkover_Home",Matches!$C:$C,$A9)+COUNTIFS(Matches!$G:$G,"Walkover_Away",Matches!$D:$D,$A9)) -> 2 | U9: =IF($A9="","",IF($B9=0,"",$K9/$B9)) -> 1.7368421 | V9: =IFERROR(__xludf.DUMMYFUNCTION("IF($A9="""","""",IFERROR( SUM( INDEX( QUERY( SORT(FILTER({Log!A:A,Log!G:G},Log!B:B=$A9),1,FALSE), ""select Col2 limit 5"", 0 ), ,1) ), 0))"),5.0) -> 5 | W9: =IF($A9="","",ROUND(100*V9/15,2)) -> 33.33 | X9: =IF($A9="","",IFERROR(SUMIFS(Adjustments!$D:$D,Adjustments!$B:$B,$A9,Adjustments!$C:$C,"MP"),0)) -> 0 | Y9: =IF($A9="","",IFERROR(SUMIFS(Adjustments!$D:$D,Adjustments!$B:$B,$A9,Adjustments!$C:$C,"W"),0)) -> 0 | Z9: =IF($A9="","",IFERROR(SUMIFS(Adjustments!$D:$D,Adjustments!$B:$B,$A9,Adjustments!$C:$C,"D"),0)) -> 0 | AA9: =IF($A9="","",IFERROR(SUMIFS(Adjustments!$D:$D,Adjustments!$B:$B,$A9,Adjustments!$C:$C,"L"),0)) -> 0 | AB9: =IF($A9="","",IFERROR(SUMIFS(Adjustments!$D:$D,Adjustments!$B:$B,$A9,Adjustments!$C:$C,"GF"),0)) -> -3 | AC9: =IF($A9="","",IFERROR(SUMIFS(Adjustments!$D:$D,Adjustments!$B:$B,$A9,Adjustments!$C:$C,"GA"),0)) -> 0 | AD9: =IF($A9="","",IFERROR(SUMIFS(Adjustments!$D:$D,Adjustments!$B:$B,$A9,Adjustments!$C:$C,"GD"),0)) -> 0 | AE9: =IF($A9="","",IFERROR(SUMIFS(Adjustments!$D:$D,Adjustments!$B:$B,$A9,Adjustments!$C:$C,"PTS"),0)) -> 0
A10: =IF(Players!$B10="","",Players!$B10) -> KHALEEDOY | B10: =IF($A10="","",(COUNTIFS(Matches!$C:$C,$A10,Matches!$L:$L,1)+COUNTIFS(Matches!$D:$D,$A10,Matches!$L:$L,1)) + $X10) -> 18 | C10: =IF($A10="","", COUNTIFS(Matches!$C:$C,$A10,Matches!$M:$M,TRUE)+COUNTIFS(Matches!$C:$C,$A10,Matches!$M:$M,1) +COUNTIFS(Matches!$D:$D,$A10,Matches!$P:$P,TRUE)+COUNTIFS(Matches!$D:$D,$A10,Matches!$P:$P,1) +$Y10) -> 6 | D10: =IF($A10="","", COUNTIFS(Matches!$C:$C,$A10,Matches!$N:$N,TRUE)+COUNTIFS(Matches!$C:$C,$A10,Matches!$N:$N,1) +COUNTIFS(Matches!$D:$D,$A10,Matches!$Q:$Q,TRUE)+COUNTIFS(Matches!$D:$D,$A10,Matches!$Q:$Q,1) +$Z10) -> 4 | E10: =IF($A10="","", COUNTIFS(Matches!$C:$C,$A10,Matches!$O:$O,TRUE)+COUNTIFS(Matches!$C:$C,$A10,Matches!$O:$O,1) +COUNTIFS(Matches!$D:$D,$A10,Matches!$R:$R,TRUE)+COUNTIFS(Matches!$D:$D,$A10,Matches!$R:$R,1) +$AA10) -> 8 | F10: =IF($A10="","",(SUMIFS(Matches!$H:$H,Matches!$C:$C,$A10)+SUMIFS(Matches!$I:$I,Matches!$D:$D,$A10)) + $AB10) -> 84 | G10: =IF($A10="","",(SUMIFS(Matches!$I:$I,Matches!$C:$C,$A10)+SUMIFS(Matches!$H:$H,Matches!$D:$D,$A10)) + $AC10) -> 78 | H10: =IF($A10="","",($F10-$G10) + $AD10) -> 6 | I10: =IF($A10="","", SUMIFS(Matches!$J:$J,Matches!$C:$C,$A10,Matches!$L:$L,TRUE)+SUMIFS(Matches!$J:$J,Matches!$C:$C,$A10,Matches!$L:$L,1) +SUMIFS(Matches!$K:$K,Matches!$D:$D,$A10,Matches!$L:$L,TRUE)+SUMIFS(Matches!$K:$K,Matches!$D:$D,$A10,Matches!$L:$L,1) ) -> 22 | J10: =IF($A10="","",$AE10) -> 0 | K10: =IF($A10="","", $I10 +($Y10*Settings!$B$3) +($Z10*Settings!$B$5) +($AA10*Settings!$B$6) +$AE10 ) -> 22 | L10: =IF($A10="","",1+COUNTIFS($K$3:$K$22,">"&$K10,$A$3:$A$22,"<>")+COUNTIFS($K$3:$K$22,$K10,$H$3:$H$22,">"&$H10,$A$3:$A$22,"<>")+COUNTIFS($K$3:$K$22,$K10,$H$3:$H$22,$H10,$F$3:$F$22,">"&$F10,$A$3:$A$22,"<>")+COUNTIFS($K$3:$K$22,$K10,$H$3:$H$22,$H10,$F$3:$F$22,$F10,$A$3:$A$22,"<"&$A10)) -> 14 | M10: =IF($A10="","",COUNTIFS(Matches!$C:$C,$A10,Matches!$I:$I,0,Matches!$L:$L,1)+COUNTIFS(Matches!$D:$D,$A10,Matches!$H:$H,0,Matches!$L:$L,1)) -> 0 | N10: =IF($A10="","",IF($B10=0,"",$F10/$B10)) -> 4.6666667 | O10: =IF($A10="","",IF($B10=0,"",$G10/$B10)) -> 4.3333333 | P10: =IF($A10="","",IF($B10=0,"",$C10/$B10)) -> 0.33333333 | Q10: =IF($A10="","",MAX(IFERROR(MAXIFS(Matches!$U:$U,Matches!$C:$C,$A10,Matches!$M:$M,1),0),IFERROR(MAXIFS(Matches!$V:$V,Matches!$D:$D,$A10,Matches!$P:$P,1),0))) -> 8 | R10: =IF($A10="","",MAX(IFERROR(MAXIFS(Matches!$W:$W,Matches!$C:$C,$A10,Matches!$O:$O,1),0),IFERROR(MAXIFS(Matches!$X:$X,Matches!$D:$D,$A10,Matches!$R:$R,1),0))) -> 4 | S10: =IF($A10="","",COUNTIFS(Matches!$G:$G,"Walkover_Home",Matches!$D:$D,$A10)+COUNTIFS(Matches!$G:$G,"Walkover_Away",Matches!$C:$C,$A10)) -> 2 | T10: =IF($A10="","",COUNTIFS(Matches!$G:$G,"Walkover_Home",Matches!$C:$C,$A10)+COUNTIFS(Matches!$G:$G,"Walkover_Away",Matches!$D:$D,$A10)) -> 0 | U10: =IF($A10="","",IF($B10=0,"",$K10/$B10)) -> 1.2222222 | V10: =IFERROR(__xludf.DUMMYFUNCTION("IF($A10="""","""",IFERROR( SUM( INDEX( QUERY( SORT(FILTER({Log!A:A,Log!G:G},Log!B:B=$A10),1,FALSE), ""select Col2 limit 5"", 0 ), ,1) ), 0))"),7.0) -> 7 | W10: =IF($A10="","",ROUND(100*V10/15,2)) -> 46.67 | X10: =IF($A10="","",IFERROR(SUMIFS(Adjustments!$D:$D,Adjustments!$B:$B,$A10,Adjustments!$C:$C,"MP"),0)) -> 0 | Y10: =IF($A10="","",IFERROR(SUMIFS(Adjustments!$D:$D,Adjustments!$B:$B,$A10,Adjustments!$C:$C,"W"),0)) -> 0 | Z10: =IF($A10="","",IFERROR(SUMIFS(Adjustments!$D:$D,Adjustments!$B:$B,$A10,Adjustments!$C:$C,"D"),0)) -> 0 | AA10: =IF($A10="","",IFERROR(SUMIFS(Adjustments!$D:$D,Adjustments!$B:$B,$A10,Adjustments!$C:$C,"L"),0)) -> 0 | AB10: =IF($A10="","",IFERROR(SUMIFS(Adjustments!$D:$D,Adjustments!$B:$B,$A10,Adjustments!$C:$C,"GF"),0)) -> 0 | AC10: =IF($A10="","",IFERROR(SUMIFS(Adjustments!$D:$D,Adjustments!$B:$B,$A10,Adjustments!$C:$C,"GA"),0)) -> 0 | AD10: =IF($A10="","",IFERROR(SUMIFS(Adjustments!$D:$D,Adjustments!$B:$B,$A10,Adjustments!$C:$C,"GD"),0)) -> 0 | AE10: =IF($A10="","",IFERROR(SUMIFS(Adjustments!$D:$D,Adjustments!$B:$B,$A10,Adjustments!$C:$C,"PTS"),0)) -> 0
A11: =IF(Players!$B11="","",Players!$B11) -> BALO K | B11: =IF($A11="","",(COUNTIFS(Matches!$C:$C,$A11,Matches!$L:$L,1)+COUNTIFS(Matches!$D:$D,$A11,Matches!$L:$L,1)) + $X11) -> 19 | C11: =IF($A11="","", COUNTIFS(Matches!$C:$C,$A11,Matches!$M:$M,TRUE)+COUNTIFS(Matches!$C:$C,$A11,Matches!$M:$M,1) +COUNTIFS(Matches!$D:$D,$A11,Matches!$P:$P,TRUE)+COUNTIFS(Matches!$D:$D,$A11,Matches!$P:$P,1) +$Y11) -> 6 | D11: =IF($A11="","", COUNTIFS(Matches!$C:$C,$A11,Matches!$N:$N,TRUE)+COUNTIFS(Matches!$C:$C,$A11,Matches!$N:$N,1) +COUNTIFS(Matches!$D:$D,$A11,Matches!$Q:$Q,TRUE)+COUNTIFS(Matches!$D:$D,$A11,Matches!$Q:$Q,1) +$Z11) -> 0 | E11: =IF($A11="","", COUNTIFS(Matches!$C:$C,$A11,Matches!$O:$O,TRUE)+COUNTIFS(Matches!$C:$C,$A11,Matches!$O:$O,1) +COUNTIFS(Matches!$D:$D,$A11,Matches!$R:$R,TRUE)+COUNTIFS(Matches!$D:$D,$A11,Matches!$R:$R,1) +$AA11) -> 13 | F11: =IF($A11="","",(SUMIFS(Matches!$H:$H,Matches!$C:$C,$A11)+SUMIFS(Matches!$I:$I,Matches!$D:$D,$A11)) + $AB11) -> 61 | G11: =IF($A11="","",(SUMIFS(Matches!$I:$I,Matches!$C:$C,$A11)+SUMIFS(Matches!$H:$H,Matches!$D:$D,$A11)) + $AC11) -> 106 | H11: =IF($A11="","",($F11-$G11) + $AD11) -> -45 | I11: =IF($A11="","", SUMIFS(Matches!$J:$J,Matches!$C:$C,$A11,Matches!$L:$L,TRUE)+SUMIFS(Matches!$J:$J,Matches!$C:$C,$A11,Matches!$L:$L,1) +SUMIFS(Matches!$K:$K,Matches!$D:$D,$A11,Matches!$L:$L,TRUE)+SUMIFS(Matches!$K:$K,Matches!$D:$D,$A11,Matches!$L:$L,1) ) -> 18 | J11: =IF($A11="","",$AE11) -> 0 | K11: =IF($A11="","", $I11 +($Y11*Settings!$B$3) +($Z11*Settings!$B$5) +($AA11*Settings!$B$6) +$AE11 ) -> 18 | L11: =IF($A11="","",1+COUNTIFS($K$3:$K$22,">"&$K11,$A$3:$A$22,"<>")+COUNTIFS($K$3:$K$22,$K11,$H$3:$H$22,">"&$H11,$A$3:$A$22,"<>")+COUNTIFS($K$3:$K$22,$K11,$H$3:$H$22,$H11,$F$3:$F$22,">"&$F11,$A$3:$A$22,"<>")+COUNTIFS($K$3:$K$22,$K11,$H$3:$H$22,$H11,$F$3:$F$22,$F11,$A$3:$A$22,"<"&$A11)) -> 15 | M11: =IF($A11="","",COUNTIFS(Matches!$C:$C,$A11,Matches!$I:$I,0,Matches!$L:$L,1)+COUNTIFS(Matches!$D:$D,$A11,Matches!$H:$H,0,Matches!$L:$L,1)) -> 3 | N11: =IF($A11="","",IF($B11=0,"",$F11/$B11)) -> 3.2105263 | O11: =IF($A11="","",IF($B11=0,"",$G11/$B11)) -> 5.5789474 | P11: =IF($A11="","",IF($B11=0,"",$C11/$B11)) -> 0.31578947 | Q11: =IF($A11="","",MAX(IFERROR(MAXIFS(Matches!$U:$U,Matches!$C:$C,$A11,Matches!$M:$M,1),0),IFERROR(MAXIFS(Matches!$V:$V,Matches!$D:$D,$A11,Matches!$P:$P,1),0))) -> 3 | R11: =IF($A11="","",MAX(IFERROR(MAXIFS(Matches!$W:$W,Matches!$C:$C,$A11,Matches!$O:$O,1),0),IFERROR(MAXIFS(Matches!$X:$X,Matches!$D:$D,$A11,Matches!$R:$R,1),0))) -> 13 | S11: =IF($A11="","",COUNTIFS(Matches!$G:$G,"Walkover_Home",Matches!$D:$D,$A11)+COUNTIFS(Matches!$G:$G,"Walkover_Away",Matches!$C:$C,$A11)) -> 0 | T11: =IF($A11="","",COUNTIFS(Matches!$G:$G,"Walkover_Home",Matches!$C:$C,$A11)+COUNTIFS(Matches!$G:$G,"Walkover_Away",Matches!$D:$D,$A11)) -> 3 | U11: =IF($A11="","",IF($B11=0,"",$K11/$B11)) -> 0.94736842 | V11: =IFERROR(__xludf.DUMMYFUNCTION("IF($A11="""","""",IFERROR( SUM( INDEX( QUERY( SORT(FILTER({Log!A:A,Log!G:G},Log!B:B=$A11),1,FALSE), ""select Col2 limit 5"", 0 ), ,1) ), 0))"),6.0) -> 6 | W11: =IF($A11="","",ROUND(100*V11/15,2)) -> 40 | X11: =IF($A11="","",IFERROR(SUMIFS(Adjustments!$D:$D,Adjustments!$B:$B,$A11,Adjustments!$C:$C,"MP"),0)) -> 0 | Y11: =IF($A11="","",IFERROR(SUMIFS(Adjustments!$D:$D,Adjustments!$B:$B,$A11,Adjustments!$C:$C,"W"),0)) -> 0 | Z11: =IF($A11="","",IFERROR(SUMIFS(Adjustments!$D:$D,Adjustments!$B:$B,$A11,Adjustments!$C:$C,"D"),0)) -> 0 | AA11: =IF($A11="","",IFERROR(SUMIFS(Adjustments!$D:$D,Adjustments!$B:$B,$A11,Adjustments!$C:$C,"L"),0)) -> 0 | AB11: =IF($A11="","",IFERROR(SUMIFS(Adjustments!$D:$D,Adjustments!$B:$B,$A11,Adjustments!$C:$C,"GF"),0)) -> 0 | AC11: =IF($A11="","",IFERROR(SUMIFS(Adjustments!$D:$D,Adjustments!$B:$B,$A11,Adjustments!$C:$C,"GA"),0)) -> 0 | AD11: =IF($A11="","",IFERROR(SUMIFS(Adjustments!$D:$D,Adjustments!$B:$B,$A11,Adjustments!$C:$C,"GD"),0)) -> 0 | AE11: =IF($A11="","",IFERROR(SUMIFS(Adjustments!$D:$D,Adjustments!$B:$B,$A11,Adjustments!$C:$C,"PTS"),0)) -> 0
A12: =IF(Players!$B12="","",Players!$B12) -> YEMOLEE | B12: =IF($A12="","",(COUNTIFS(Matches!$C:$C,$A12,Matches!$L:$L,1)+COUNTIFS(Matches!$D:$D,$A12,Matches!$L:$L,1)) + $X12) -> 19 | C12: =IF($A12="","", COUNTIFS(Matches!$C:$C,$A12,Matches!$M:$M,TRUE)+COUNTIFS(Matches!$C:$C,$A12,Matches!$M:$M,1) +COUNTIFS(Matches!$D:$D,$A12,Matches!$P:$P,TRUE)+COUNTIFS(Matches!$D:$D,$A12,Matches!$P:$P,1) +$Y12) -> 8 | D12: =IF($A12="","", COUNTIFS(Matches!$C:$C,$A12,Matches!$N:$N,TRUE)+COUNTIFS(Matches!$C:$C,$A12,Matches!$N:$N,1) +COUNTIFS(Matches!$D:$D,$A12,Matches!$Q:$Q,TRUE)+COUNTIFS(Matches!$D:$D,$A12,Matches!$Q:$Q,1) +$Z12) -> 7 | E12: =IF($A12="","", COUNTIFS(Matches!$C:$C,$A12,Matches!$O:$O,TRUE)+COUNTIFS(Matches!$C:$C,$A12,Matches!$O:$O,1) +COUNTIFS(Matches!$D:$D,$A12,Matches!$R:$R,TRUE)+COUNTIFS(Matches!$D:$D,$A12,Matches!$R:$R,1) +$AA12) -> 4 | F12: =IF($A12="","",(SUMIFS(Matches!$H:$H,Matches!$C:$C,$A12)+SUMIFS(Matches!$I:$I,Matches!$D:$D,$A12)) + $AB12) -> 97 | G12: =IF($A12="","",(SUMIFS(Matches!$I:$I,Matches!$C:$C,$A12)+SUMIFS(Matches!$H:$H,Matches!$D:$D,$A12)) + $AC12) -> 76 | H12: =IF($A12="","",($F12-$G12) + $AD12) -> 21 | I12: =IF($A12="","", SUMIFS(Matches!$J:$J,Matches!$C:$C,$A12,Matches!$L:$L,TRUE)+SUMIFS(Matches!$J:$J,Matches!$C:$C,$A12,Matches!$L:$L,1) +SUMIFS(Matches!$K:$K,Matches!$D:$D,$A12,Matches!$L:$L,TRUE)+SUMIFS(Matches!$K:$K,Matches!$D:$D,$A12,Matches!$L:$L,1) ) -> 31 | J12: =IF($A12="","",$AE12) -> 0 | K12: =IF($A12="","", $I12 +($Y12*Settings!$B$3) +($Z12*Settings!$B$5) +($AA12*Settings!$B$6) +$AE12 ) -> 31 | L12: =IF($A12="","",1+COUNTIFS($K$3:$K$22,">"&$K12,$A$3:$A$22,"<>")+COUNTIFS($K$3:$K$22,$K12,$H$3:$H$22,">"&$H12,$A$3:$A$22,"<>")+COUNTIFS($K$3:$K$22,$K12,$H$3:$H$22,$H12,$F$3:$F$22,">"&$F12,$A$3:$A$22,"<>")+COUNTIFS($K$3:$K$22,$K12,$H$3:$H$22,$H12,$F$3:$F$22,$F12,$A$3:$A$22,"<"&$A12)) -> 11 | M12: =IF($A12="","",COUNTIFS(Matches!$C:$C,$A12,Matches!$I:$I,0,Matches!$L:$L,1)+COUNTIFS(Matches!$D:$D,$A12,Matches!$H:$H,0,Matches!$L:$L,1)) -> 0 | N12: =IF($A12="","",IF($B12=0,"",$F12/$B12)) -> 5.1052632 | O12: =IF($A12="","",IF($B12=0,"",$G12/$B12)) -> 4 | P12: =IF($A12="","",IF($B12=0,"",$C12/$B12)) -> 0.42105263 | Q12: =IF($A12="","",MAX(IFERROR(MAXIFS(Matches!$U:$U,Matches!$C:$C,$A12,Matches!$M:$M,1),0),IFERROR(MAXIFS(Matches!$V:$V,Matches!$D:$D,$A12,Matches!$P:$P,1),0))) -> 5 | R12: =IF($A12="","",MAX(IFERROR(MAXIFS(Matches!$W:$W,Matches!$C:$C,$A12,Matches!$O:$O,1),0),IFERROR(MAXIFS(Matches!$X:$X,Matches!$D:$D,$A12,Matches!$R:$R,1),0))) -> 3 | S12: =IF($A12="","",COUNTIFS(Matches!$G:$G,"Walkover_Home",Matches!$D:$D,$A12)+COUNTIFS(Matches!$G:$G,"Walkover_Away",Matches!$C:$C,$A12)) -> 0 | T12: =IF($A12="","",COUNTIFS(Matches!$G:$G,"Walkover_Home",Matches!$C:$C,$A12)+COUNTIFS(Matches!$G:$G,"Walkover_Away",Matches!$D:$D,$A12)) -> 0 | U12: =IF($A12="","",IF($B12=0,"",$K12/$B12)) -> 1.6315789 | V12: =IFERROR(__xludf.DUMMYFUNCTION("IF($A12="""","""",IFERROR( SUM( INDEX( QUERY( SORT(FILTER({Log!A:A,Log!G:G},Log!B:B=$A12),1,FALSE), ""select Col2 limit 5"", 0 ), ,1) ), 0))"),8.0) -> 8 | W12: =IF($A12="","",ROUND(100*V12/15,2)) -> 53.33 | X12: =IF($A12="","",IFERROR(SUMIFS(Adjustments!$D:$D,Adjustments!$B:$B,$A12,Adjustments!$C:$C,"MP"),0)) -> 0 | Y12: =IF($A12="","",IFERROR(SUMIFS(Adjustments!$D:$D,Adjustments!$B:$B,$A12,Adjustments!$C:$C,"W"),0)) -> 0 | Z12: =IF($A12="","",IFERROR(SUMIFS(Adjustments!$D:$D,Adjustments!$B:$B,$A12,Adjustments!$C:$C,"D"),0)) -> 0 | AA12: =IF($A12="","",IFERROR(SUMIFS(Adjustments!$D:$D,Adjustments!$B:$B,$A12,Adjustments!$C:$C,"L"),0)) -> 0 | AB12: =IF($A12="","",IFERROR(SUMIFS(Adjustments!$D:$D,Adjustments!$B:$B,$A12,Adjustments!$C:$C,"GF"),0)) -> 0 | AC12: =IF($A12="","",IFERROR(SUMIFS(Adjustments!$D:$D,Adjustments!$B:$B,$A12,Adjustments!$C:$C,"GA"),0)) -> 0 | AD12: =IF($A12="","",IFERROR(SUMIFS(Adjustments!$D:$D,Adjustments!$B:$B,$A12,Adjustments!$C:$C,"GD"),0)) -> 0 | AE12: =IF($A12="","",IFERROR(SUMIFS(Adjustments!$D:$D,Adjustments!$B:$B,$A12,Adjustments!$C:$C,"PTS"),0)) -> 0
A13: =IF(Players!$B13="","",Players!$B13) -> RHYMEZ | B13: =IF($A13="","",(COUNTIFS(Matches!$C:$C,$A13,Matches!$L:$L,1)+COUNTIFS(Matches!$D:$D,$A13,Matches!$L:$L,1)) + $X13) -> 19 | C13: =IF($A13="","", COUNTIFS(Matches!$C:$C,$A13,Matches!$M:$M,TRUE)+COUNTIFS(Matches!$C:$C,$A13,Matches!$M:$M,1) +COUNTIFS(Matches!$D:$D,$A13,Matches!$P:$P,TRUE)+COUNTIFS(Matches!$D:$D,$A13,Matches!$P:$P,1) +$Y13) -> 10 | D13: =IF($A13="","", COUNTIFS(Matches!$C:$C,$A13,Matches!$N:$N,TRUE)+COUNTIFS(Matches!$C:$C,$A13,Matches!$N:$N,1) +COUNTIFS(Matches!$D:$D,$A13,Matches!$Q:$Q,TRUE)+COUNTIFS(Matches!$D:$D,$A13,Matches!$Q:$Q,1) +$Z13) -> 2 | E13: =IF($A13="","", COUNTIFS(Matches!$C:$C,$A13,Matches!$O:$O,TRUE)+COUNTIFS(Matches!$C:$C,$A13,Matches!$O:$O,1) +COUNTIFS(Matches!$D:$D,$A13,Matches!$R:$R,TRUE)+COUNTIFS(Matches!$D:$D,$A13,Matches!$R:$R,1) +$AA13) -> 7 | F13: =IF($A13="","",(SUMIFS(Matches!$H:$H,Matches!$C:$C,$A13)+SUMIFS(Matches!$I:$I,Matches!$D:$D,$A13)) + $AB13) -> 89 | G13: =IF($A13="","",(SUMIFS(Matches!$I:$I,Matches!$C:$C,$A13)+SUMIFS(Matches!$H:$H,Matches!$D:$D,$A13)) + $AC13) -> 73 | H13: =IF($A13="","",($F13-$G13) + $AD13) -> 16 | I13: =IF($A13="","", SUMIFS(Matches!$J:$J,Matches!$C:$C,$A13,Matches!$L:$L,TRUE)+SUMIFS(Matches!$J:$J,Matches!$C:$C,$A13,Matches!$L:$L,1) +SUMIFS(Matches!$K:$K,Matches!$D:$D,$A13,Matches!$L:$L,TRUE)+SUMIFS(Matches!$K:$K,Matches!$D:$D,$A13,Matches!$L:$L,1) ) -> 32 | J13: =IF($A13="","",$AE13) -> 0 | K13: =IF($A13="","", $I13 +($Y13*Settings!$B$3) +($Z13*Settings!$B$5) +($AA13*Settings!$B$6) +$AE13 ) -> 32 | L13: =IF($A13="","",1+COUNTIFS($K$3:$K$22,">"&$K13,$A$3:$A$22,"<>")+COUNTIFS($K$3:$K$22,$K13,$H$3:$H$22,">"&$H13,$A$3:$A$22,"<>")+COUNTIFS($K$3:$K$22,$K13,$H$3:$H$22,$H13,$F$3:$F$22,">"&$F13,$A$3:$A$22,"<>")+COUNTIFS($K$3:$K$22,$K13,$H$3:$H$22,$H13,$F$3:$F$22,$F13,$A$3:$A$22,"<"&$A13)) -> 10 | M13: =IF($A13="","",COUNTIFS(Matches!$C:$C,$A13,Matches!$I:$I,0,Matches!$L:$L,1)+COUNTIFS(Matches!$D:$D,$A13,Matches!$H:$H,0,Matches!$L:$L,1)) -> 0 | N13: =IF($A13="","",IF($B13=0,"",$F13/$B13)) -> 4.6842105 | O13: =IF($A13="","",IF($B13=0,"",$G13/$B13)) -> 3.8421053 | P13: =IF($A13="","",IF($B13=0,"",$C13/$B13)) -> 0.52631579 | Q13: =IF($A13="","",MAX(IFERROR(MAXIFS(Matches!$U:$U,Matches!$C:$C,$A13,Matches!$M:$M,1),0),IFERROR(MAXIFS(Matches!$V:$V,Matches!$D:$D,$A13,Matches!$P:$P,1),0))) -> 6 | R13: =IF($A13="","",MAX(IFERROR(MAXIFS(Matches!$W:$W,Matches!$C:$C,$A13,Matches!$O:$O,1),0),IFERROR(MAXIFS(Matches!$X:$X,Matches!$D:$D,$A13,Matches!$R:$R,1),0))) -> 5 | S13: =IF($A13="","",COUNTIFS(Matches!$G:$G,"Walkover_Home",Matches!$D:$D,$A13)+COUNTIFS(Matches!$G:$G,"Walkover_Away",Matches!$C:$C,$A13)) -> 0 | T13: =IF($A13="","",COUNTIFS(Matches!$G:$G,"Walkover_Home",Matches!$C:$C,$A13)+COUNTIFS(Matches!$G:$G,"Walkover_Away",Matches!$D:$D,$A13)) -> 0 | U13: =IF($A13="","",IF($B13=0,"",$K13/$B13)) -> 1.6842105 | V13: =IFERROR(__xludf.DUMMYFUNCTION("IF($A13="""","""",IFERROR( SUM( INDEX( QUERY( SORT(FILTER({Log!A:A,Log!G:G},Log!B:B=$A13),1,FALSE), ""select Col2 limit 5"", 0 ), ,1) ), 0))"),12.0) -> 12 | W13: =IF($A13="","",ROUND(100*V13/15,2)) -> 80 | X13: =IF($A13="","",IFERROR(SUMIFS(Adjustments!$D:$D,Adjustments!$B:$B,$A13,Adjustments!$C:$C,"MP"),0)) -> 0 | Y13: =IF($A13="","",IFERROR(SUMIFS(Adjustments!$D:$D,Adjustments!$B:$B,$A13,Adjustments!$C:$C,"W"),0)) -> 0 | Z13: =IF($A13="","",IFERROR(SUMIFS(Adjustments!$D:$D,Adjustments!$B:$B,$A13,Adjustments!$C:$C,"D"),0)) -> 0 | AA13: =IF($A13="","",IFERROR(SUMIFS(Adjustments!$D:$D,Adjustments!$B:$B,$A13,Adjustments!$C:$C,"L"),0)) -> 0 | AB13: =IF($A13="","",IFERROR(SUMIFS(Adjustments!$D:$D,Adjustments!$B:$B,$A13,Adjustments!$C:$C,"GF"),0)) -> 0 | AC13: =IF($A13="","",IFERROR(SUMIFS(Adjustments!$D:$D,Adjustments!$B:$B,$A13,Adjustments!$C:$C,"GA"),0)) -> 0 | AD13: =IF($A13="","",IFERROR(SUMIFS(Adjustments!$D:$D,Adjustments!$B:$B,$A13,Adjustments!$C:$C,"GD"),0)) -> 0 | AE13: =IF($A13="","",IFERROR(SUMIFS(Adjustments!$D:$D,Adjustments!$B:$B,$A13,Adjustments!$C:$C,"PTS"),0)) -> 0
A14: =IF(Players!$B14="","",Players!$B14) -> SIMPLYY UZO | B14: =IF($A14="","",(COUNTIFS(Matches!$C:$C,$A14,Matches!$L:$L,1)+COUNTIFS(Matches!$D:$D,$A14,Matches!$L:$L,1)) + $X14) -> 18 | C14: =IF($A14="","", COUNTIFS(Matches!$C:$C,$A14,Matches!$M:$M,TRUE)+COUNTIFS(Matches!$C:$C,$A14,Matches!$M:$M,1) +COUNTIFS(Matches!$D:$D,$A14,Matches!$P:$P,TRUE)+COUNTIFS(Matches!$D:$D,$A14,Matches!$P:$P,1) +$Y14) -> 3 | D14: =IF($A14="","", COUNTIFS(Matches!$C:$C,$A14,Matches!$N:$N,TRUE)+COUNTIFS(Matches!$C:$C,$A14,Matches!$N:$N,1) +COUNTIFS(Matches!$D:$D,$A14,Matches!$Q:$Q,TRUE)+COUNTIFS(Matches!$D:$D,$A14,Matches!$Q:$Q,1) +$Z14) -> 1 | E14: =IF($A14="","", COUNTIFS(Matches!$C:$C,$A14,Matches!$O:$O,TRUE)+COUNTIFS(Matches!$C:$C,$A14,Matches!$O:$O,1) +COUNTIFS(Matches!$D:$D,$A14,Matches!$R:$R,TRUE)+COUNTIFS(Matches!$D:$D,$A14,Matches!$R:$R,1) +$AA14) -> 14 | F14: =IF($A14="","",(SUMIFS(Matches!$H:$H,Matches!$C:$C,$A14)+SUMIFS(Matches!$I:$I,Matches!$D:$D,$A14)) + $AB14) -> 65 | G14: =IF($A14="","",(SUMIFS(Matches!$I:$I,Matches!$C:$C,$A14)+SUMIFS(Matches!$H:$H,Matches!$D:$D,$A14)) + $AC14) -> 110 | H14: =IF($A14="","",($F14-$G14) + $AD14) -> -45 | I14: =IF($A14="","", SUMIFS(Matches!$J:$J,Matches!$C:$C,$A14,Matches!$L:$L,TRUE)+SUMIFS(Matches!$J:$J,Matches!$C:$C,$A14,Matches!$L:$L,1) +SUMIFS(Matches!$K:$K,Matches!$D:$D,$A14,Matches!$L:$L,TRUE)+SUMIFS(Matches!$K:$K,Matches!$D:$D,$A14,Matches!$L:$L,1) ) -> 10 | J14: =IF($A14="","",$AE14) -> 0 | K14: =IF($A14="","", $I14 +($Y14*Settings!$B$3) +($Z14*Settings!$B$5) +($AA14*Settings!$B$6) +$AE14 ) -> 10 | L14: =IF($A14="","",1+COUNTIFS($K$3:$K$22,">"&$K14,$A$3:$A$22,"<>")+COUNTIFS($K$3:$K$22,$K14,$H$3:$H$22,">"&$H14,$A$3:$A$22,"<>")+COUNTIFS($K$3:$K$22,$K14,$H$3:$H$22,$H14,$F$3:$F$22,">"&$F14,$A$3:$A$22,"<>")+COUNTIFS($K$3:$K$22,$K14,$H$3:$H$22,$H14,$F$3:$F$22,$F14,$A$3:$A$22,"<"&$A14)) -> 18 | M14: =IF($A14="","",COUNTIFS(Matches!$C:$C,$A14,Matches!$I:$I,0,Matches!$L:$L,1)+COUNTIFS(Matches!$D:$D,$A14,Matches!$H:$H,0,Matches!$L:$L,1)) -> 1 | N14: =IF($A14="","",IF($B14=0,"",$F14/$B14)) -> 3.6111111 | O14: =IF($A14="","",IF($B14=0,"",$G14/$B14)) -> 6.1111111 | P14: =IF($A14="","",IF($B14=0,"",$C14/$B14)) -> 0.16666667 | Q14: =IF($A14="","",MAX(IFERROR(MAXIFS(Matches!$U:$U,Matches!$C:$C,$A14,Matches!$M:$M,1),0),IFERROR(MAXIFS(Matches!$V:$V,Matches!$D:$D,$A14,Matches!$P:$P,1),0))) -> 3 | R14: =IF($A14="","",MAX(IFERROR(MAXIFS(Matches!$W:$W,Matches!$C:$C,$A14,Matches!$O:$O,1),0),IFERROR(MAXIFS(Matches!$X:$X,Matches!$D:$D,$A14,Matches!$R:$R,1),0))) -> 11 | S14: =IF($A14="","",COUNTIFS(Matches!$G:$G,"Walkover_Home",Matches!$D:$D,$A14)+COUNTIFS(Matches!$G:$G,"Walkover_Away",Matches!$C:$C,$A14)) -> 4 | T14: =IF($A14="","",COUNTIFS(Matches!$G:$G,"Walkover_Home",Matches!$C:$C,$A14)+COUNTIFS(Matches!$G:$G,"Walkover_Away",Matches!$D:$D,$A14)) -> 1 | U14: =IF($A14="","",IF($B14=0,"",$K14/$B14)) -> 0.55555556 | V14: =IFERROR(__xludf.DUMMYFUNCTION("IF($A14="""","""",IFERROR( SUM( INDEX( QUERY( SORT(FILTER({Log!A:A,Log!G:G},Log!B:B=$A14),1,FALSE), ""select Col2 limit 5"", 0 ), ,1) ), 0))"),6.0) -> 6 | W14: =IF($A14="","",ROUND(100*V14/15,2)) -> 40 | X14: =IF($A14="","",IFERROR(SUMIFS(Adjustments!$D:$D,Adjustments!$B:$B,$A14,Adjustments!$C:$C,"MP"),0)) -> 0 | Y14: =IF($A14="","",IFERROR(SUMIFS(Adjustments!$D:$D,Adjustments!$B:$B,$A14,Adjustments!$C:$C,"W"),0)) -> 0 | Z14: =IF($A14="","",IFERROR(SUMIFS(Adjustments!$D:$D,Adjustments!$B:$B,$A14,Adjustments!$C:$C,"D"),0)) -> 0 | AA14: =IF($A14="","",IFERROR(SUMIFS(Adjustments!$D:$D,Adjustments!$B:$B,$A14,Adjustments!$C:$C,"L"),0)) -> 0 | AB14: =IF($A14="","",IFERROR(SUMIFS(Adjustments!$D:$D,Adjustments!$B:$B,$A14,Adjustments!$C:$C,"GF"),0)) -> 0 | AC14: =IF($A14="","",IFERROR(SUMIFS(Adjustments!$D:$D,Adjustments!$B:$B,$A14,Adjustments!$C:$C,"GA"),0)) -> 0 | AD14: =IF($A14="","",IFERROR(SUMIFS(Adjustments!$D:$D,Adjustments!$B:$B,$A14,Adjustments!$C:$C,"GD"),0)) -> 0 | AE14: =IF($A14="","",IFERROR(SUMIFS(Adjustments!$D:$D,Adjustments!$B:$B,$A14,Adjustments!$C:$C,"PTS"),0)) -> 0
A15: =IF(Players!$B15="","",Players!$B15) -> BLAISE99 | B15: =IF($A15="","",(COUNTIFS(Matches!$C:$C,$A15,Matches!$L:$L,1)+COUNTIFS(Matches!$D:$D,$A15,Matches!$L:$L,1)) + $X15) -> 17 | C15: =IF($A15="","", COUNTIFS(Matches!$C:$C,$A15,Matches!$M:$M,TRUE)+COUNTIFS(Matches!$C:$C,$A15,Matches!$M:$M,1) +COUNTIFS(Matches!$D:$D,$A15,Matches!$P:$P,TRUE)+COUNTIFS(Matches!$D:$D,$A15,Matches!$P:$P,1) +$Y15) -> 2 | D15: =IF($A15="","", COUNTIFS(Matches!$C:$C,$A15,Matches!$N:$N,TRUE)+COUNTIFS(Matches!$C:$C,$A15,Matches!$N:$N,1) +COUNTIFS(Matches!$D:$D,$A15,Matches!$Q:$Q,TRUE)+COUNTIFS(Matches!$D:$D,$A15,Matches!$Q:$Q,1) +$Z15) -> 0 | E15: =IF($A15="","", COUNTIFS(Matches!$C:$C,$A15,Matches!$O:$O,TRUE)+COUNTIFS(Matches!$C:$C,$A15,Matches!$O:$O,1) +COUNTIFS(Matches!$D:$D,$A15,Matches!$R:$R,TRUE)+COUNTIFS(Matches!$D:$D,$A15,Matches!$R:$R,1) +$AA15) -> 15 | F15: =IF($A15="","",(SUMIFS(Matches!$H:$H,Matches!$C:$C,$A15)+SUMIFS(Matches!$I:$I,Matches!$D:$D,$A15)) + $AB15) -> 51 | G15: =IF($A15="","",(SUMIFS(Matches!$I:$I,Matches!$C:$C,$A15)+SUMIFS(Matches!$H:$H,Matches!$D:$D,$A15)) + $AC15) -> 83 | H15: =IF($A15="","",($F15-$G15) + $AD15) -> -32 | I15: =IF($A15="","", SUMIFS(Matches!$J:$J,Matches!$C:$C,$A15,Matches!$L:$L,TRUE)+SUMIFS(Matches!$J:$J,Matches!$C:$C,$A15,Matches!$L:$L,1) +SUMIFS(Matches!$K:$K,Matches!$D:$D,$A15,Matches!$L:$L,TRUE)+SUMIFS(Matches!$K:$K,Matches!$D:$D,$A15,Matches!$L:$L,1) ) -> 6 | J15: =IF($A15="","",$AE15) -> 0 | K15: =IF($A15="","", $I15 +($Y15*Settings!$B$3) +($Z15*Settings!$B$5) +($AA15*Settings!$B$6) +$AE15 ) -> 6 | L15: =IF($A15="","",1+COUNTIFS($K$3:$K$22,">"&$K15,$A$3:$A$22,"<>")+COUNTIFS($K$3:$K$22,$K15,$H$3:$H$22,">"&$H15,$A$3:$A$22,"<>")+COUNTIFS($K$3:$K$22,$K15,$H$3:$H$22,$H15,$F$3:$F$22,">"&$F15,$A$3:$A$22,"<>")+COUNTIFS($K$3:$K$22,$K15,$H$3:$H$22,$H15,$F$3:$F$22,$F15,$A$3:$A$22,"<"&$A15)) -> 20 | M15: =IF($A15="","",COUNTIFS(Matches!$C:$C,$A15,Matches!$I:$I,0,Matches!$L:$L,1)+COUNTIFS(Matches!$D:$D,$A15,Matches!$H:$H,0,Matches!$L:$L,1)) -> 0 | N15: =IF($A15="","",IF($B15=0,"",$F15/$B15)) -> 3 | O15: =IF($A15="","",IF($B15=0,"",$G15/$B15)) -> 4.8823529 | P15: =IF($A15="","",IF($B15=0,"",$C15/$B15)) -> 0.11764706 | Q15: =IF($A15="","",MAX(IFERROR(MAXIFS(Matches!$U:$U,Matches!$C:$C,$A15,Matches!$M:$M,1),0),IFERROR(MAXIFS(Matches!$V:$V,Matches!$D:$D,$A15,Matches!$P:$P,1),0))) -> 8 | R15: =IF($A15="","",MAX(IFERROR(MAXIFS(Matches!$W:$W,Matches!$C:$C,$A15,Matches!$O:$O,1),0),IFERROR(MAXIFS(Matches!$X:$X,Matches!$D:$D,$A15,Matches!$R:$R,1),0))) -> 4 | S15: =IF($A15="","",COUNTIFS(Matches!$G:$G,"Walkover_Home",Matches!$D:$D,$A15)+COUNTIFS(Matches!$G:$G,"Walkover_Away",Matches!$C:$C,$A15)) -> 5 | T15: =IF($A15="","",COUNTIFS(Matches!$G:$G,"Walkover_Home",Matches!$C:$C,$A15)+COUNTIFS(Matches!$G:$G,"Walkover_Away",Matches!$D:$D,$A15)) -> 0 | U15: =IF($A15="","",IF($B15=0,"",$K15/$B15)) -> 0.35294118 | V15: =IFERROR(__xludf.DUMMYFUNCTION("IF($A15="""","""",IFERROR( SUM( INDEX( QUERY( SORT(FILTER({Log!A:A,Log!G:G},Log!B:B=$A15),1,FALSE), ""select Col2 limit 5"", 0 ), ,1) ), 0))"),0.0) -> 0 | W15: =IF($A15="","",ROUND(100*V15/15,2)) -> 0 | X15: =IF($A15="","",IFERROR(SUMIFS(Adjustments!$D:$D,Adjustments!$B:$B,$A15,Adjustments!$C:$C,"MP"),0)) -> 0 | Y15: =IF($A15="","",IFERROR(SUMIFS(Adjustments!$D:$D,Adjustments!$B:$B,$A15,Adjustments!$C:$C,"W"),0)) -> 0 | Z15: =IF($A15="","",IFERROR(SUMIFS(Adjustments!$D:$D,Adjustments!$B:$B,$A15,Adjustments!$C:$C,"D"),0)) -> 0 | AA15: =IF($A15="","",IFERROR(SUMIFS(Adjustments!$D:$D,Adjustments!$B:$B,$A15,Adjustments!$C:$C,"L"),0)) -> 0 | AB15: =IF($A15="","",IFERROR(SUMIFS(Adjustments!$D:$D,Adjustments!$B:$B,$A15,Adjustments!$C:$C,"GF"),0)) -> 0 | AC15: =IF($A15="","",IFERROR(SUMIFS(Adjustments!$D:$D,Adjustments!$B:$B,$A15,Adjustments!$C:$C,"GA"),0)) -> 0 | AD15: =IF($A15="","",IFERROR(SUMIFS(Adjustments!$D:$D,Adjustments!$B:$B,$A15,Adjustments!$C:$C,"GD"),0)) -> 0 | AE15: =IF($A15="","",IFERROR(SUMIFS(Adjustments!$D:$D,Adjustments!$B:$B,$A15,Adjustments!$C:$C,"PTS"),0)) -> 0
A16: =IF(Players!$B16="","",Players!$B16) -> GAMEWITHJOSH | B16: =IF($A16="","",(COUNTIFS(Matches!$C:$C,$A16,Matches!$L:$L,1)+COUNTIFS(Matches!$D:$D,$A16,Matches!$L:$L,1)) + $X16) -> 19 | C16: =IF($A16="","", COUNTIFS(Matches!$C:$C,$A16,Matches!$M:$M,TRUE)+COUNTIFS(Matches!$C:$C,$A16,Matches!$M:$M,1) +COUNTIFS(Matches!$D:$D,$A16,Matches!$P:$P,TRUE)+COUNTIFS(Matches!$D:$D,$A16,Matches!$P:$P,1) +$Y16) -> 8 | D16: =IF($A16="","", COUNTIFS(Matches!$C:$C,$A16,Matches!$N:$N,TRUE)+COUNTIFS(Matches!$C:$C,$A16,Matches!$N:$N,1) +COUNTIFS(Matches!$D:$D,$A16,Matches!$Q:$Q,TRUE)+COUNTIFS(Matches!$D:$D,$A16,Matches!$Q:$Q,1) +$Z16) -> 3 | E16: =IF($A16="","", COUNTIFS(Matches!$C:$C,$A16,Matches!$O:$O,TRUE)+COUNTIFS(Matches!$C:$C,$A16,Matches!$O:$O,1) +COUNTIFS(Matches!$D:$D,$A16,Matches!$R:$R,TRUE)+COUNTIFS(Matches!$D:$D,$A16,Matches!$R:$R,1) +$AA16) -> 8 | F16: =IF($A16="","",(SUMIFS(Matches!$H:$H,Matches!$C:$C,$A16)+SUMIFS(Matches!$I:$I,Matches!$D:$D,$A16)) + $AB16) -> 96 | G16: =IF($A16="","",(SUMIFS(Matches!$I:$I,Matches!$C:$C,$A16)+SUMIFS(Matches!$H:$H,Matches!$D:$D,$A16)) + $AC16) -> 100 | H16: =IF($A16="","",($F16-$G16) + $AD16) -> -4 | I16: =IF($A16="","", SUMIFS(Matches!$J:$J,Matches!$C:$C,$A16,Matches!$L:$L,TRUE)+SUMIFS(Matches!$J:$J,Matches!$C:$C,$A16,Matches!$L:$L,1) +SUMIFS(Matches!$K:$K,Matches!$D:$D,$A16,Matches!$L:$L,TRUE)+SUMIFS(Matches!$K:$K,Matches!$D:$D,$A16,Matches!$L:$L,1) ) -> 27 | J16: =IF($A16="","",$AE16) -> 0 | K16: =IF($A16="","", $I16 +($Y16*Settings!$B$3) +($Z16*Settings!$B$5) +($AA16*Settings!$B$6) +$AE16 ) -> 27 | L16: =IF($A16="","",1+COUNTIFS($K$3:$K$22,">"&$K16,$A$3:$A$22,"<>")+COUNTIFS($K$3:$K$22,$K16,$H$3:$H$22,">"&$H16,$A$3:$A$22,"<>")+COUNTIFS($K$3:$K$22,$K16,$H$3:$H$22,$H16,$F$3:$F$22,">"&$F16,$A$3:$A$22,"<>")+COUNTIFS($K$3:$K$22,$K16,$H$3:$H$22,$H16,$F$3:$F$22,$F16,$A$3:$A$22,"<"&$A16)) -> 12 | M16: =IF($A16="","",COUNTIFS(Matches!$C:$C,$A16,Matches!$I:$I,0,Matches!$L:$L,1)+COUNTIFS(Matches!$D:$D,$A16,Matches!$H:$H,0,Matches!$L:$L,1)) -> 1 | N16: =IF($A16="","",IF($B16=0,"",$F16/$B16)) -> 5.0526316 | O16: =IF($A16="","",IF($B16=0,"",$G16/$B16)) -> 5.2631579 | P16: =IF($A16="","",IF($B16=0,"",$C16/$B16)) -> 0.42105263 | Q16: =IF($A16="","",MAX(IFERROR(MAXIFS(Matches!$U:$U,Matches!$C:$C,$A16,Matches!$M:$M,1),0),IFERROR(MAXIFS(Matches!$V:$V,Matches!$D:$D,$A16,Matches!$P:$P,1),0))) -> 3 | R16: =IF($A16="","",MAX(IFERROR(MAXIFS(Matches!$W:$W,Matches!$C:$C,$A16,Matches!$O:$O,1),0),IFERROR(MAXIFS(Matches!$X:$X,Matches!$D:$D,$A16,Matches!$R:$R,1),0))) -> 8 | S16: =IF($A16="","",COUNTIFS(Matches!$G:$G,"Walkover_Home",Matches!$D:$D,$A16)+COUNTIFS(Matches!$G:$G,"Walkover_Away",Matches!$C:$C,$A16)) -> 0 | T16: =IF($A16="","",COUNTIFS(Matches!$G:$G,"Walkover_Home",Matches!$C:$C,$A16)+COUNTIFS(Matches!$G:$G,"Walkover_Away",Matches!$D:$D,$A16)) -> 1 | U16: =IF($A16="","",IF($B16=0,"",$K16/$B16)) -> 1.4210526 | V16: =IFERROR(__xludf.DUMMYFUNCTION("IF($A16="""","""",IFERROR( SUM( INDEX( QUERY( SORT(FILTER({Log!A:A,Log!G:G},Log!B:B=$A16),1,FALSE), ""select Col2 limit 5"", 0 ), ,1) ), 0))"),6.0) -> 6 | W16: =IF($A16="","",ROUND(100*V16/15,2)) -> 40 | X16: =IF($A16="","",IFERROR(SUMIFS(Adjustments!$D:$D,Adjustments!$B:$B,$A16,Adjustments!$C:$C,"MP"),0)) -> 0 | Y16: =IF($A16="","",IFERROR(SUMIFS(Adjustments!$D:$D,Adjustments!$B:$B,$A16,Adjustments!$C:$C,"W"),0)) -> 0 | Z16: =IF($A16="","",IFERROR(SUMIFS(Adjustments!$D:$D,Adjustments!$B:$B,$A16,Adjustments!$C:$C,"D"),0)) -> 0 | AA16: =IF($A16="","",IFERROR(SUMIFS(Adjustments!$D:$D,Adjustments!$B:$B,$A16,Adjustments!$C:$C,"L"),0)) -> 0 | AB16: =IF($A16="","",IFERROR(SUMIFS(Adjustments!$D:$D,Adjustments!$B:$B,$A16,Adjustments!$C:$C,"GF"),0)) -> 0 | AC16: =IF($A16="","",IFERROR(SUMIFS(Adjustments!$D:$D,Adjustments!$B:$B,$A16,Adjustments!$C:$C,"GA"),0)) -> 0 | AD16: =IF($A16="","",IFERROR(SUMIFS(Adjustments!$D:$D,Adjustments!$B:$B,$A16,Adjustments!$C:$C,"GD"),0)) -> 0 | AE16: =IF($A16="","",IFERROR(SUMIFS(Adjustments!$D:$D,Adjustments!$B:$B,$A16,Adjustments!$C:$C,"PTS"),0)) -> 0
A17: =IF(Players!$B17="","",Players!$B17) -> DADABOI | B17: =IF($A17="","",(COUNTIFS(Matches!$C:$C,$A17,Matches!$L:$L,1)+COUNTIFS(Matches!$D:$D,$A17,Matches!$L:$L,1)) + $X17) -> 19 | C17: =IF($A17="","", COUNTIFS(Matches!$C:$C,$A17,Matches!$M:$M,TRUE)+COUNTIFS(Matches!$C:$C,$A17,Matches!$M:$M,1) +COUNTIFS(Matches!$D:$D,$A17,Matches!$P:$P,TRUE)+COUNTIFS(Matches!$D:$D,$A17,Matches!$P:$P,1) +$Y17) -> 10 | D17: =IF($A17="","", COUNTIFS(Matches!$C:$C,$A17,Matches!$N:$N,TRUE)+COUNTIFS(Matches!$C:$C,$A17,Matches!$N:$N,1) +COUNTIFS(Matches!$D:$D,$A17,Matches!$Q:$Q,TRUE)+COUNTIFS(Matches!$D:$D,$A17,Matches!$Q:$Q,1) +$Z17) -> 3 | E17: =IF($A17="","", COUNTIFS(Matches!$C:$C,$A17,Matches!$O:$O,TRUE)+COUNTIFS(Matches!$C:$C,$A17,Matches!$O:$O,1) +COUNTIFS(Matches!$D:$D,$A17,Matches!$R:$R,TRUE)+COUNTIFS(Matches!$D:$D,$A17,Matches!$R:$R,1) +$AA17) -> 6 | F17: =IF($A17="","",(SUMIFS(Matches!$H:$H,Matches!$C:$C,$A17)+SUMIFS(Matches!$I:$I,Matches!$D:$D,$A17)) + $AB17) -> 81 | G17: =IF($A17="","",(SUMIFS(Matches!$I:$I,Matches!$C:$C,$A17)+SUMIFS(Matches!$H:$H,Matches!$D:$D,$A17)) + $AC17) -> 74 | H17: =IF($A17="","",($F17-$G17) + $AD17) -> 7 | I17: =IF($A17="","", SUMIFS(Matches!$J:$J,Matches!$C:$C,$A17,Matches!$L:$L,TRUE)+SUMIFS(Matches!$J:$J,Matches!$C:$C,$A17,Matches!$L:$L,1) +SUMIFS(Matches!$K:$K,Matches!$D:$D,$A17,Matches!$L:$L,TRUE)+SUMIFS(Matches!$K:$K,Matches!$D:$D,$A17,Matches!$L:$L,1) ) -> 33 | J17: =IF($A17="","",$AE17) -> 0 | K17: =IF($A17="","", $I17 +($Y17*Settings!$B$3) +($Z17*Settings!$B$5) +($AA17*Settings!$B$6) +$AE17 ) -> 33 | L17: =IF($A17="","",1+COUNTIFS($K$3:$K$22,">"&$K17,$A$3:$A$22,"<>")+COUNTIFS($K$3:$K$22,$K17,$H$3:$H$22,">"&$H17,$A$3:$A$22,"<>")+COUNTIFS($K$3:$K$22,$K17,$H$3:$H$22,$H17,$F$3:$F$22,">"&$F17,$A$3:$A$22,"<>")+COUNTIFS($K$3:$K$22,$K17,$H$3:$H$22,$H17,$F$3:$F$22,$F17,$A$3:$A$22,"<"&$A17)) -> 7 | M17: =IF($A17="","",COUNTIFS(Matches!$C:$C,$A17,Matches!$I:$I,0,Matches!$L:$L,1)+COUNTIFS(Matches!$D:$D,$A17,Matches!$H:$H,0,Matches!$L:$L,1)) -> 3 | N17: =IF($A17="","",IF($B17=0,"",$F17/$B17)) -> 4.2631579 | O17: =IF($A17="","",IF($B17=0,"",$G17/$B17)) -> 3.8947368 | P17: =IF($A17="","",IF($B17=0,"",$C17/$B17)) -> 0.52631579 | Q17: =IF($A17="","",MAX(IFERROR(MAXIFS(Matches!$U:$U,Matches!$C:$C,$A17,Matches!$M:$M,1),0),IFERROR(MAXIFS(Matches!$V:$V,Matches!$D:$D,$A17,Matches!$P:$P,1),0))) -> 8 | R17: =IF($A17="","",MAX(IFERROR(MAXIFS(Matches!$W:$W,Matches!$C:$C,$A17,Matches!$O:$O,1),0),IFERROR(MAXIFS(Matches!$X:$X,Matches!$D:$D,$A17,Matches!$R:$R,1),0))) -> 10 | S17: =IF($A17="","",COUNTIFS(Matches!$G:$G,"Walkover_Home",Matches!$D:$D,$A17)+COUNTIFS(Matches!$G:$G,"Walkover_Away",Matches!$C:$C,$A17)) -> 0 | T17: =IF($A17="","",COUNTIFS(Matches!$G:$G,"Walkover_Home",Matches!$C:$C,$A17)+COUNTIFS(Matches!$G:$G,"Walkover_Away",Matches!$D:$D,$A17)) -> 2 | U17: =IF($A17="","",IF($B17=0,"",$K17/$B17)) -> 1.7368421 | V17: =IFERROR(__xludf.DUMMYFUNCTION("IF($A17="""","""",IFERROR( SUM( INDEX( QUERY( SORT(FILTER({Log!A:A,Log!G:G},Log!B:B=$A17),1,FALSE), ""select Col2 limit 5"", 0 ), ,1) ), 0))"),9.0) -> 9 | W17: =IF($A17="","",ROUND(100*V17/15,2)) -> 60 | X17: =IF($A17="","",IFERROR(SUMIFS(Adjustments!$D:$D,Adjustments!$B:$B,$A17,Adjustments!$C:$C,"MP"),0)) -> 0 | Y17: =IF($A17="","",IFERROR(SUMIFS(Adjustments!$D:$D,Adjustments!$B:$B,$A17,Adjustments!$C:$C,"W"),0)) -> 0 | Z17: =IF($A17="","",IFERROR(SUMIFS(Adjustments!$D:$D,Adjustments!$B:$B,$A17,Adjustments!$C:$C,"D"),0)) -> 0 | AA17: =IF($A17="","",IFERROR(SUMIFS(Adjustments!$D:$D,Adjustments!$B:$B,$A17,Adjustments!$C:$C,"L"),0)) -> 0 | AB17: =IF($A17="","",IFERROR(SUMIFS(Adjustments!$D:$D,Adjustments!$B:$B,$A17,Adjustments!$C:$C,"GF"),0)) -> 0 | AC17: =IF($A17="","",IFERROR(SUMIFS(Adjustments!$D:$D,Adjustments!$B:$B,$A17,Adjustments!$C:$C,"GA"),0)) -> 0 | AD17: =IF($A17="","",IFERROR(SUMIFS(Adjustments!$D:$D,Adjustments!$B:$B,$A17,Adjustments!$C:$C,"GD"),0)) -> 0 | AE17: =IF($A17="","",IFERROR(SUMIFS(Adjustments!$D:$D,Adjustments!$B:$B,$A17,Adjustments!$C:$C,"PTS"),0)) -> 0
A18: =IF(Players!$B18="","",Players!$B18) -> SON OF GOD | B18: =IF($A18="","",(COUNTIFS(Matches!$C:$C,$A18,Matches!$L:$L,1)+COUNTIFS(Matches!$D:$D,$A18,Matches!$L:$L,1)) + $X18) -> 19 | C18: =IF($A18="","", COUNTIFS(Matches!$C:$C,$A18,Matches!$M:$M,TRUE)+COUNTIFS(Matches!$C:$C,$A18,Matches!$M:$M,1) +COUNTIFS(Matches!$D:$D,$A18,Matches!$P:$P,TRUE)+COUNTIFS(Matches!$D:$D,$A18,Matches!$P:$P,1) +$Y18) -> 8 | D18: =IF($A18="","", COUNTIFS(Matches!$C:$C,$A18,Matches!$N:$N,TRUE)+COUNTIFS(Matches!$C:$C,$A18,Matches!$N:$N,1) +COUNTIFS(Matches!$D:$D,$A18,Matches!$Q:$Q,TRUE)+COUNTIFS(Matches!$D:$D,$A18,Matches!$Q:$Q,1) +$Z18) -> 2 | E18: =IF($A18="","", COUNTIFS(Matches!$C:$C,$A18,Matches!$O:$O,TRUE)+COUNTIFS(Matches!$C:$C,$A18,Matches!$O:$O,1) +COUNTIFS(Matches!$D:$D,$A18,Matches!$R:$R,TRUE)+COUNTIFS(Matches!$D:$D,$A18,Matches!$R:$R,1) +$AA18) -> 9 | F18: =IF($A18="","",(SUMIFS(Matches!$H:$H,Matches!$C:$C,$A18)+SUMIFS(Matches!$I:$I,Matches!$D:$D,$A18)) + $AB18) -> 78 | G18: =IF($A18="","",(SUMIFS(Matches!$I:$I,Matches!$C:$C,$A18)+SUMIFS(Matches!$H:$H,Matches!$D:$D,$A18)) + $AC18) -> 80 | H18: =IF($A18="","",($F18-$G18) + $AD18) -> -2 | I18: =IF($A18="","", SUMIFS(Matches!$J:$J,Matches!$C:$C,$A18,Matches!$L:$L,TRUE)+SUMIFS(Matches!$J:$J,Matches!$C:$C,$A18,Matches!$L:$L,1) +SUMIFS(Matches!$K:$K,Matches!$D:$D,$A18,Matches!$L:$L,TRUE)+SUMIFS(Matches!$K:$K,Matches!$D:$D,$A18,Matches!$L:$L,1) ) -> 26 | J18: =IF($A18="","",$AE18) -> 0 | K18: =IF($A18="","", $I18 +($Y18*Settings!$B$3) +($Z18*Settings!$B$5) +($AA18*Settings!$B$6) +$AE18 ) -> 26 | L18: =IF($A18="","",1+COUNTIFS($K$3:$K$22,">"&$K18,$A$3:$A$22,"<>")+COUNTIFS($K$3:$K$22,$K18,$H$3:$H$22,">"&$H18,$A$3:$A$22,"<>")+COUNTIFS($K$3:$K$22,$K18,$H$3:$H$22,$H18,$F$3:$F$22,">"&$F18,$A$3:$A$22,"<>")+COUNTIFS($K$3:$K$22,$K18,$H$3:$H$22,$H18,$F$3:$F$22,$F18,$A$3:$A$22,"<"&$A18)) -> 13 | M18: =IF($A18="","",COUNTIFS(Matches!$C:$C,$A18,Matches!$I:$I,0,Matches!$L:$L,1)+COUNTIFS(Matches!$D:$D,$A18,Matches!$H:$H,0,Matches!$L:$L,1)) -> 5 | N18: =IF($A18="","",IF($B18=0,"",$F18/$B18)) -> 4.1052632 | O18: =IF($A18="","",IF($B18=0,"",$G18/$B18)) -> 4.2105263 | P18: =IF($A18="","",IF($B18=0,"",$C18/$B18)) -> 0.42105263 | Q18: =IF($A18="","",MAX(IFERROR(MAXIFS(Matches!$U:$U,Matches!$C:$C,$A18,Matches!$M:$M,1),0),IFERROR(MAXIFS(Matches!$V:$V,Matches!$D:$D,$A18,Matches!$P:$P,1),0))) -> 7 | R18: =IF($A18="","",MAX(IFERROR(MAXIFS(Matches!$W:$W,Matches!$C:$C,$A18,Matches!$O:$O,1),0),IFERROR(MAXIFS(Matches!$X:$X,Matches!$D:$D,$A18,Matches!$R:$R,1),0))) -> 8 | S18: =IF($A18="","",COUNTIFS(Matches!$G:$G,"Walkover_Home",Matches!$D:$D,$A18)+COUNTIFS(Matches!$G:$G,"Walkover_Away",Matches!$C:$C,$A18)) -> 1 | T18: =IF($A18="","",COUNTIFS(Matches!$G:$G,"Walkover_Home",Matches!$C:$C,$A18)+COUNTIFS(Matches!$G:$G,"Walkover_Away",Matches!$D:$D,$A18)) -> 3 | U18: =IF($A18="","",IF($B18=0,"",$K18/$B18)) -> 1.3684211 | V18: =IFERROR(__xludf.DUMMYFUNCTION("IF($A18="""","""",IFERROR( SUM( INDEX( QUERY( SORT(FILTER({Log!A:A,Log!G:G},Log!B:B=$A18),1,FALSE), ""select Col2 limit 5"", 0 ), ,1) ), 0))"),6.0) -> 6 | W18: =IF($A18="","",ROUND(100*V18/15,2)) -> 40 | X18: =IF($A18="","",IFERROR(SUMIFS(Adjustments!$D:$D,Adjustments!$B:$B,$A18,Adjustments!$C:$C,"MP"),0)) -> 0 | Y18: =IF($A18="","",IFERROR(SUMIFS(Adjustments!$D:$D,Adjustments!$B:$B,$A18,Adjustments!$C:$C,"W"),0)) -> 0 | Z18: =IF($A18="","",IFERROR(SUMIFS(Adjustments!$D:$D,Adjustments!$B:$B,$A18,Adjustments!$C:$C,"D"),0)) -> 0 | AA18: =IF($A18="","",IFERROR(SUMIFS(Adjustments!$D:$D,Adjustments!$B:$B,$A18,Adjustments!$C:$C,"L"),0)) -> 0 | AB18: =IF($A18="","",IFERROR(SUMIFS(Adjustments!$D:$D,Adjustments!$B:$B,$A18,Adjustments!$C:$C,"GF"),0)) -> 0 | AC18: =IF($A18="","",IFERROR(SUMIFS(Adjustments!$D:$D,Adjustments!$B:$B,$A18,Adjustments!$C:$C,"GA"),0)) -> 0 | AD18: =IF($A18="","",IFERROR(SUMIFS(Adjustments!$D:$D,Adjustments!$B:$B,$A18,Adjustments!$C:$C,"GD"),0)) -> 0 | AE18: =IF($A18="","",IFERROR(SUMIFS(Adjustments!$D:$D,Adjustments!$B:$B,$A18,Adjustments!$C:$C,"PTS"),0)) -> 0
A19: =IF(Players!$B19="","",Players!$B19) -> DRACARYS | B19: =IF($A19="","",(COUNTIFS(Matches!$C:$C,$A19,Matches!$L:$L,1)+COUNTIFS(Matches!$D:$D,$A19,Matches!$L:$L,1)) + $X19) -> 19 | C19: =IF($A19="","", COUNTIFS(Matches!$C:$C,$A19,Matches!$M:$M,TRUE)+COUNTIFS(Matches!$C:$C,$A19,Matches!$M:$M,1) +COUNTIFS(Matches!$D:$D,$A19,Matches!$P:$P,TRUE)+COUNTIFS(Matches!$D:$D,$A19,Matches!$P:$P,1) +$Y19) -> 10 | D19: =IF($A19="","", COUNTIFS(Matches!$C:$C,$A19,Matches!$N:$N,TRUE)+COUNTIFS(Matches!$C:$C,$A19,Matches!$N:$N,1) +COUNTIFS(Matches!$D:$D,$A19,Matches!$Q:$Q,TRUE)+COUNTIFS(Matches!$D:$D,$A19,Matches!$Q:$Q,1) +$Z19) -> 3 | E19: =IF($A19="","", COUNTIFS(Matches!$C:$C,$A19,Matches!$O:$O,TRUE)+COUNTIFS(Matches!$C:$C,$A19,Matches!$O:$O,1) +COUNTIFS(Matches!$D:$D,$A19,Matches!$R:$R,TRUE)+COUNTIFS(Matches!$D:$D,$A19,Matches!$R:$R,1) +$AA19) -> 6 | F19: =IF($A19="","",(SUMIFS(Matches!$H:$H,Matches!$C:$C,$A19)+SUMIFS(Matches!$I:$I,Matches!$D:$D,$A19)) + $AB19) -> 79 | G19: =IF($A19="","",(SUMIFS(Matches!$I:$I,Matches!$C:$C,$A19)+SUMIFS(Matches!$H:$H,Matches!$D:$D,$A19)) + $AC19) -> 73 | H19: =IF($A19="","",($F19-$G19) + $AD19) -> 6 | I19: =IF($A19="","", SUMIFS(Matches!$J:$J,Matches!$C:$C,$A19,Matches!$L:$L,TRUE)+SUMIFS(Matches!$J:$J,Matches!$C:$C,$A19,Matches!$L:$L,1) +SUMIFS(Matches!$K:$K,Matches!$D:$D,$A19,Matches!$L:$L,TRUE)+SUMIFS(Matches!$K:$K,Matches!$D:$D,$A19,Matches!$L:$L,1) ) -> 33 | J19: =IF($A19="","",$AE19) -> 0 | K19: =IF($A19="","", $I19 +($Y19*Settings!$B$3) +($Z19*Settings!$B$5) +($AA19*Settings!$B$6) +$AE19 ) -> 33 | L19: =IF($A19="","",1+COUNTIFS($K$3:$K$22,">"&$K19,$A$3:$A$22,"<>")+COUNTIFS($K$3:$K$22,$K19,$H$3:$H$22,">"&$H19,$A$3:$A$22,"<>")+COUNTIFS($K$3:$K$22,$K19,$H$3:$H$22,$H19,$F$3:$F$22,">"&$F19,$A$3:$A$22,"<>")+COUNTIFS($K$3:$K$22,$K19,$H$3:$H$22,$H19,$F$3:$F$22,$F19,$A$3:$A$22,"<"&$A19)) -> 9 | M19: =IF($A19="","",COUNTIFS(Matches!$C:$C,$A19,Matches!$I:$I,0,Matches!$L:$L,1)+COUNTIFS(Matches!$D:$D,$A19,Matches!$H:$H,0,Matches!$L:$L,1)) -> 1 | N19: =IF($A19="","",IF($B19=0,"",$F19/$B19)) -> 4.1578947 | O19: =IF($A19="","",IF($B19=0,"",$G19/$B19)) -> 3.8421053 | P19: =IF($A19="","",IF($B19=0,"",$C19/$B19)) -> 0.52631579 | Q19: =IF($A19="","",MAX(IFERROR(MAXIFS(Matches!$U:$U,Matches!$C:$C,$A19,Matches!$M:$M,1),0),IFERROR(MAXIFS(Matches!$V:$V,Matches!$D:$D,$A19,Matches!$P:$P,1),0))) -> 4 | R19: =IF($A19="","",MAX(IFERROR(MAXIFS(Matches!$W:$W,Matches!$C:$C,$A19,Matches!$O:$O,1),0),IFERROR(MAXIFS(Matches!$X:$X,Matches!$D:$D,$A19,Matches!$R:$R,1),0))) -> 5 | S19: =IF($A19="","",COUNTIFS(Matches!$G:$G,"Walkover_Home",Matches!$D:$D,$A19)+COUNTIFS(Matches!$G:$G,"Walkover_Away",Matches!$C:$C,$A19)) -> 0 | T19: =IF($A19="","",COUNTIFS(Matches!$G:$G,"Walkover_Home",Matches!$C:$C,$A19)+COUNTIFS(Matches!$G:$G,"Walkover_Away",Matches!$D:$D,$A19)) -> 1 | U19: =IF($A19="","",IF($B19=0,"",$K19/$B19)) -> 1.7368421 | V19: =IFERROR(__xludf.DUMMYFUNCTION("IF($A19="""","""",IFERROR( SUM( INDEX( QUERY( SORT(FILTER({Log!A:A,Log!G:G},Log!B:B=$A19),1,FALSE), ""select Col2 limit 5"", 0 ), ,1) ), 0))"),12.0) -> 12 | W19: =IF($A19="","",ROUND(100*V19/15,2)) -> 80 | X19: =IF($A19="","",IFERROR(SUMIFS(Adjustments!$D:$D,Adjustments!$B:$B,$A19,Adjustments!$C:$C,"MP"),0)) -> 0 | Y19: =IF($A19="","",IFERROR(SUMIFS(Adjustments!$D:$D,Adjustments!$B:$B,$A19,Adjustments!$C:$C,"W"),0)) -> 0 | Z19: =IF($A19="","",IFERROR(SUMIFS(Adjustments!$D:$D,Adjustments!$B:$B,$A19,Adjustments!$C:$C,"D"),0)) -> 0 | AA19: =IF($A19="","",IFERROR(SUMIFS(Adjustments!$D:$D,Adjustments!$B:$B,$A19,Adjustments!$C:$C,"L"),0)) -> 0 | AB19: =IF($A19="","",IFERROR(SUMIFS(Adjustments!$D:$D,Adjustments!$B:$B,$A19,Adjustments!$C:$C,"GF"),0)) -> 0 | AC19: =IF($A19="","",IFERROR(SUMIFS(Adjustments!$D:$D,Adjustments!$B:$B,$A19,Adjustments!$C:$C,"GA"),0)) -> 0 | AD19: =IF($A19="","",IFERROR(SUMIFS(Adjustments!$D:$D,Adjustments!$B:$B,$A19,Adjustments!$C:$C,"GD"),0)) -> 0 | AE19: =IF($A19="","",IFERROR(SUMIFS(Adjustments!$D:$D,Adjustments!$B:$B,$A19,Adjustments!$C:$C,"PTS"),0)) -> 0
